time_utc,time_scada,turbine_id,prediction,p10,p90,issue_time_scada,lead_hours,model_version
2026-01-31 18:00:00,2026-02-01 00:00:00,2,0.02774178226349836,0.00773226641217414,0.20826571341873662,2026-01-31 23:00:00,1,t2-combined-3d2333d167
2026-01-31 19:00:00,2026-02-01 01:00:00,2,0.011422179718082346,0.008433375075612884,0.13028064482986987,2026-01-31 23:00:00,2,t2-combined-3d2333d167
2026-01-31 20:00:00,2026-02-01 02:00:00,2,0.010199823789222632,0.008547176257311521,0.0898257693177495,2026-01-31 23:00:00,3,t2-combined-3d2333d167
2026-01-31 21:00:00,2026-02-01 03:00:00,2,0.010178981369861331,0.00890387058188977,0.10231512107777803,2026-01-31 23:00:00,4,t2-combined-3d2333d167
2026-01-31 22:00:00,2026-02-01 04:00:00,2,0.009934157101580268,0.00892806191477958,0.1376793841748661,2026-01-31 23:00:00,5,t2-combined-3d2333d167
2026-01-31 23:00:00,2026-02-01 05:00:00,2,0.01116231521362521,0.008503019290075187,0.20204946604018303,2026-01-31 23:00:00,6,t2-combined-3d2333d167
2026-02-01 00:00:00,2026-02-01 06:00:00,2,0.019632207023702292,0.008286750035425419,0.27770052773961185,2026-01-31 23:00:00,7,t2-combined-3d2333d167
2026-02-01 01:00:00,2026-02-01 07:00:00,2,0.04385920300987113,0.00619726539413655,0.3725858461222978,2026-01-31 23:00:00,8,t2-combined-3d2333d167
2026-02-01 02:00:00,2026-02-01 08:00:00,2,0.08872566577706487,0.0058982103112351775,0.4936277926526057,2026-01-31 23:00:00,9,t2-combined-3d2333d167
2026-02-01 03:00:00,2026-02-01 09:00:00,2,0.13336272530180365,0.00186563506252857,0.5885605029601326,2026-01-31 23:00:00,10,t2-combined-3d2333d167
2026-02-01 04:00:00,2026-02-01 10:00:00,2,0.19392393445467132,0.0,0.7496498150617721,2026-01-31 23:00:00,11,t2-combined-3d2333d167
2026-02-01 05:00:00,2026-02-01 11:00:00,2,0.20300346851959658,0.0022920964904827035,0.7150299393458908,2026-01-31 23:00:00,12,t2-combined-3d2333d167
2026-02-01 06:00:00,2026-02-01 12:00:00,2,0.22419378792057734,0.0017065446534844653,0.6881835468418066,2026-01-31 23:00:00,13,t2-combined-3d2333d167
2026-02-01 07:00:00,2026-02-01 13:00:00,2,0.2536063626040763,0.0,0.7629115146191842,2026-01-31 23:00:00,14,t2-combined-3d2333d167
2026-02-01 08:00:00,2026-02-01 14:00:00,2,0.2641904548052805,0.0,0.6914922678609956,2026-01-31 23:00:00,15,t2-combined-3d2333d167
2026-02-01 09:00:00,2026-02-01 15:00:00,2,0.25901712710449765,0.0,0.7072646433003205,2026-01-31 23:00:00,16,t2-combined-3d2333d167
2026-02-01 10:00:00,2026-02-01 16:00:00,2,0.26518630931800846,0.00025725072764748447,0.7640868348497073,2026-01-31 23:00:00,17,t2-combined-3d2333d167
2026-02-01 11:00:00,2026-02-01 17:00:00,2,0.29433434608024917,0.0005515108647749511,0.7566877353238584,2026-01-31 23:00:00,18,t2-combined-3d2333d167
2026-02-01 12:00:00,2026-02-01 18:00:00,2,0.2273754051729565,0.012774031728034901,0.7376862474716238,2026-01-31 23:00:00,19,t2-combined-3d2333d167
2026-02-01 13:00:00,2026-02-01 19:00:00,2,0.20195312715304015,0.014208106195574804,0.7830783811201075,2026-01-31 23:00:00,20,t2-combined-3d2333d167
2026-02-01 14:00:00,2026-02-01 20:00:00,2,0.2311477377959855,0.01570770107548783,0.8055693903879988,2026-01-31 23:00:00,21,t2-combined-3d2333d167
2026-02-01 15:00:00,2026-02-01 21:00:00,2,0.22846087908456003,0.012770306038716595,0.7937909652913223,2026-01-31 23:00:00,22,t2-combined-3d2333d167
2026-02-01 16:00:00,2026-02-01 22:00:00,2,0.23962779558600714,0.0107315420472949,0.7969452853596939,2026-01-31 23:00:00,23,t2-combined-3d2333d167
2026-02-01 17:00:00,2026-02-01 23:00:00,2,0.2326251527540631,0.008569345859094274,0.8139357423945153,2026-01-31 23:00:00,24,t2-combined-3d2333d167
2026-02-01 18:00:00,2026-02-02 00:00:00,2,0.15785637760989435,0.06186939681800656,0.7917379446200111,2026-02-01 23:00:00,1,t2-combined-3d2333d167
2026-02-01 19:00:00,2026-02-02 01:00:00,2,0.23856731999630626,0.04808850376751256,0.830925423948121,2026-02-01 23:00:00,2,t2-combined-3d2333d167
2026-02-01 20:00:00,2026-02-02 02:00:00,2,0.30428976456145307,0.04516648409176077,0.8708019512459662,2026-02-01 23:00:00,3,t2-combined-3d2333d167
2026-02-01 21:00:00,2026-02-02 03:00:00,2,0.38967416192644677,0.0780225554153468,0.8999389213052499,2026-02-01 23:00:00,4,t2-combined-3d2333d167
2026-02-01 22:00:00,2026-02-02 04:00:00,2,0.40386718664447513,0.11657563728431708,0.9376082087868902,2026-02-01 23:00:00,5,t2-combined-3d2333d167
2026-02-01 23:00:00,2026-02-02 05:00:00,2,0.44446698403232365,0.11185397431048988,0.975322405124022,2026-02-01 23:00:00,6,t2-combined-3d2333d167
2026-02-02 00:00:00,2026-02-02 06:00:00,2,0.4304697385706123,0.11058746769850036,0.980175433292951,2026-02-01 23:00:00,7,t2-combined-3d2333d167
2026-02-02 01:00:00,2026-02-02 07:00:00,2,0.40886496902379255,0.1232854802344685,0.9890101226618058,2026-02-01 23:00:00,8,t2-combined-3d2333d167
2026-02-02 02:00:00,2026-02-02 08:00:00,2,0.4477271742230319,0.21011017425935866,0.9882127301992883,2026-02-01 23:00:00,9,t2-combined-3d2333d167
2026-02-02 03:00:00,2026-02-02 09:00:00,2,0.5630054031901451,0.19289223404157585,0.9871026542450929,2026-02-01 23:00:00,10,t2-combined-3d2333d167
2026-02-02 04:00:00,2026-02-02 10:00:00,2,0.7340349121272858,0.16733982115541746,0.9788596045039208,2026-02-01 23:00:00,11,t2-combined-3d2333d167
2026-02-02 05:00:00,2026-02-02 11:00:00,2,0.8744501146497661,0.22129973940731074,0.9749850205495398,2026-02-01 23:00:00,12,t2-combined-3d2333d167
2026-02-02 06:00:00,2026-02-02 12:00:00,2,0.9437274852492608,0.2812568425558991,0.9752403059365049,2026-02-01 23:00:00,13,t2-combined-3d2333d167
2026-02-02 07:00:00,2026-02-02 13:00:00,2,0.9478241610373004,0.2968928506599059,0.9763300373425573,2026-02-01 23:00:00,14,t2-combined-3d2333d167
2026-02-02 08:00:00,2026-02-02 14:00:00,2,0.9449504639065684,0.27346469528933914,0.9752152256947175,2026-02-01 23:00:00,15,t2-combined-3d2333d167
2026-02-02 09:00:00,2026-02-02 15:00:00,2,0.9346809030327197,0.26548303671329454,0.9752030033530058,2026-02-01 23:00:00,16,t2-combined-3d2333d167
2026-02-02 10:00:00,2026-02-02 16:00:00,2,0.7936284039180368,0.15551256285608372,0.9804503959977819,2026-02-01 23:00:00,17,t2-combined-3d2333d167
2026-02-02 11:00:00,2026-02-02 17:00:00,2,0.6626841693338259,0.12289371840982433,0.9690536670821555,2026-02-01 23:00:00,18,t2-combined-3d2333d167
2026-02-02 12:00:00,2026-02-02 18:00:00,2,0.5869749403826874,0.11859537326218678,0.9437769373791652,2026-02-01 23:00:00,19,t2-combined-3d2333d167
2026-02-02 13:00:00,2026-02-02 19:00:00,2,0.3546639195912473,0.047534953763067045,0.8588660706533526,2026-02-01 23:00:00,20,t2-combined-3d2333d167
2026-02-02 14:00:00,2026-02-02 20:00:00,2,0.21770400350190255,0.030748311947974116,0.6866323204047748,2026-02-01 23:00:00,21,t2-combined-3d2333d167
2026-02-02 15:00:00,2026-02-02 21:00:00,2,0.2310672806186192,0.02198264081855561,0.6670878415036033,2026-02-01 23:00:00,22,t2-combined-3d2333d167
2026-02-02 16:00:00,2026-02-02 22:00:00,2,0.2589259057397271,0.021672693854713543,0.6830371050623409,2026-02-01 23:00:00,23,t2-combined-3d2333d167
2026-02-02 17:00:00,2026-02-02 23:00:00,2,0.2807437614726569,0.004033464596582215,0.6355162264366261,2026-02-01 23:00:00,24,t2-combined-3d2333d167
2026-02-02 18:00:00,2026-02-03 00:00:00,2,0.22963232246229007,0.05509174481613219,0.7187928737454948,2026-02-02 23:00:00,1,t2-combined-3d2333d167
2026-02-02 19:00:00,2026-02-03 01:00:00,2,0.2708589569837656,0.09232336740484992,0.8272270381505396,2026-02-02 23:00:00,2,t2-combined-3d2333d167
2026-02-02 20:00:00,2026-02-03 02:00:00,2,0.3525157520154404,0.12710410893238255,0.9012544879009707,2026-02-02 23:00:00,3,t2-combined-3d2333d167
2026-02-02 21:00:00,2026-02-03 03:00:00,2,0.4591559567851864,0.16659209031219652,0.9645894014265339,2026-02-02 23:00:00,4,t2-combined-3d2333d167
2026-02-02 22:00:00,2026-02-03 04:00:00,2,0.43710319584152824,0.15154440927738722,0.9561909461193908,2026-02-02 23:00:00,5,t2-combined-3d2333d167
2026-02-02 23:00:00,2026-02-03 05:00:00,2,0.40917810197895554,0.13008502765320762,0.9431224536579557,2026-02-02 23:00:00,6,t2-combined-3d2333d167
2026-02-03 00:00:00,2026-02-03 06:00:00,2,0.2564370650104701,0.054760544867491906,0.8850508155066341,2026-02-02 23:00:00,7,t2-combined-3d2333d167
2026-02-03 01:00:00,2026-02-03 07:00:00,2,0.18085910485524162,0.015297473944207496,0.6449449881767262,2026-02-02 23:00:00,8,t2-combined-3d2333d167
2026-02-03 02:00:00,2026-02-03 08:00:00,2,0.1155392635714468,0.004831992512853489,0.46616621554854915,2026-02-02 23:00:00,9,t2-combined-3d2333d167
2026-02-03 03:00:00,2026-02-03 09:00:00,2,0.044124759430674086,0.005489229642523651,0.3138620326893555,2026-02-02 23:00:00,10,t2-combined-3d2333d167
2026-02-03 04:00:00,2026-02-03 10:00:00,2,0.036007171880675176,0.007551097829797019,0.148266932815967,2026-02-02 23:00:00,11,t2-combined-3d2333d167
2026-02-03 05:00:00,2026-02-03 11:00:00,2,0.03648870264321067,0.0070958257498167955,0.1494560768516049,2026-02-02 23:00:00,12,t2-combined-3d2333d167
2026-02-03 06:00:00,2026-02-03 12:00:00,2,0.04186751265014618,0.007166305370377546,0.15702243310639688,2026-02-02 23:00:00,13,t2-combined-3d2333d167
2026-02-03 07:00:00,2026-02-03 13:00:00,2,0.0656682359015176,0.0063746860685548745,0.1942323524505549,2026-02-02 23:00:00,14,t2-combined-3d2333d167
2026-02-03 08:00:00,2026-02-03 14:00:00,2,0.06921600096259563,0.005919109641731063,0.17209809017852673,2026-02-02 23:00:00,15,t2-combined-3d2333d167
2026-02-03 09:00:00,2026-02-03 15:00:00,2,0.08224363977653049,0.006521732587338916,0.1455964916484895,2026-02-02 23:00:00,16,t2-combined-3d2333d167
2026-02-03 10:00:00,2026-02-03 16:00:00,2,0.10187064595160689,0.0048153388584319945,0.2866768563018177,2026-02-02 23:00:00,17,t2-combined-3d2333d167
2026-02-03 11:00:00,2026-02-03 17:00:00,2,0.1861742908881264,0.0022925572956154217,0.3796717342947166,2026-02-02 23:00:00,18,t2-combined-3d2333d167
2026-02-03 12:00:00,2026-02-03 18:00:00,2,0.24791595995774662,0.008701167344609295,0.6061818239213463,2026-02-02 23:00:00,19,t2-combined-3d2333d167
2026-02-03 13:00:00,2026-02-03 19:00:00,2,0.29120015402569344,0.0024440615494778495,0.6752543046484301,2026-02-02 23:00:00,20,t2-combined-3d2333d167
2026-02-03 14:00:00,2026-02-03 20:00:00,2,0.294757271766236,0.007046693787212122,0.6807530739095562,2026-02-02 23:00:00,21,t2-combined-3d2333d167
2026-02-03 15:00:00,2026-02-03 21:00:00,2,0.2626141454700943,0.010327240556771144,0.6637703772816079,2026-02-02 23:00:00,22,t2-combined-3d2333d167
2026-02-03 16:00:00,2026-02-03 22:00:00,2,0.26388161019585277,0.001648970251286519,0.6481839607183877,2026-02-02 23:00:00,23,t2-combined-3d2333d167
2026-02-03 17:00:00,2026-02-03 23:00:00,2,0.2777514688380487,0.0034585510113865348,0.5714485832291221,2026-02-02 23:00:00,24,t2-combined-3d2333d167
2026-02-03 18:00:00,2026-02-04 00:00:00,2,0.2856389162103028,0.014292880504159278,0.8420905083956511,2026-02-03 23:00:00,1,t2-combined-3d2333d167
2026-02-03 19:00:00,2026-02-04 01:00:00,2,0.2744209290488078,0.009985457932126518,0.8447685157730271,2026-02-03 23:00:00,2,t2-combined-3d2333d167
2026-02-03 20:00:00,2026-02-04 02:00:00,2,0.2923653162155996,0.014370652290329744,0.8545479072814921,2026-02-03 23:00:00,3,t2-combined-3d2333d167
2026-02-03 21:00:00,2026-02-04 03:00:00,2,0.2947830113214564,0.014452578389429371,0.8545677034588448,2026-02-03 23:00:00,4,t2-combined-3d2333d167
2026-02-03 22:00:00,2026-02-04 04:00:00,2,0.308561925094862,0.01438379679798224,0.8584158030781228,2026-02-03 23:00:00,5,t2-combined-3d2333d167
2026-02-03 23:00:00,2026-02-04 05:00:00,2,0.3819520470938774,0.026622865659123418,0.9214485542705708,2026-02-03 23:00:00,6,t2-combined-3d2333d167
2026-02-04 00:00:00,2026-02-04 06:00:00,2,0.44367770349227253,0.03292175889824478,0.9503932702014111,2026-02-03 23:00:00,7,t2-combined-3d2333d167
2026-02-04 01:00:00,2026-02-04 07:00:00,2,0.39416247176106606,0.03315477517770843,0.934540967215518,2026-02-03 23:00:00,8,t2-combined-3d2333d167
2026-02-04 02:00:00,2026-02-04 08:00:00,2,0.3127417597242407,0.010211563250758837,0.883042651125617,2026-02-03 23:00:00,9,t2-combined-3d2333d167
2026-02-04 03:00:00,2026-02-04 09:00:00,2,0.2881261908765773,0.0008717676074695979,0.811812211131951,2026-02-03 23:00:00,10,t2-combined-3d2333d167
2026-02-04 04:00:00,2026-02-04 10:00:00,2,0.2153836870905178,0.003898896993388634,0.7534133902635607,2026-02-03 23:00:00,11,t2-combined-3d2333d167
2026-02-04 05:00:00,2026-02-04 11:00:00,2,0.17058360496859115,0.002454598858236845,0.6214738319034943,2026-02-03 23:00:00,12,t2-combined-3d2333d167
2026-02-04 06:00:00,2026-02-04 12:00:00,2,0.15487087247446535,0.001908359995473674,0.5207841856858713,2026-02-03 23:00:00,13,t2-combined-3d2333d167
2026-02-04 07:00:00,2026-02-04 13:00:00,2,0.13103890057613002,0.0027296462293558976,0.42570870174364417,2026-02-03 23:00:00,14,t2-combined-3d2333d167
2026-02-04 08:00:00,2026-02-04 14:00:00,2,0.1231302543064639,0.004044216233758419,0.4466083052846629,2026-02-03 23:00:00,15,t2-combined-3d2333d167
2026-02-04 09:00:00,2026-02-04 15:00:00,2,0.10341190866603561,0.005017480326712731,0.42234316279866096,2026-02-03 23:00:00,16,t2-combined-3d2333d167
2026-02-04 10:00:00,2026-02-04 16:00:00,2,0.08737027505521208,0.005463923647155991,0.3596155804499924,2026-02-03 23:00:00,17,t2-combined-3d2333d167
2026-02-04 11:00:00,2026-02-04 17:00:00,2,0.08088411398667739,0.006431361453517956,0.26889718483915115,2026-02-03 23:00:00,18,t2-combined-3d2333d167
2026-02-04 12:00:00,2026-02-04 18:00:00,2,0.09422829836151123,0.005374930548060583,0.2130989360242792,2026-02-03 23:00:00,19,t2-combined-3d2333d167
2026-02-04 13:00:00,2026-02-04 19:00:00,2,0.15696749290461537,0.005029458775441753,0.5893241720238658,2026-02-03 23:00:00,20,t2-combined-3d2333d167
2026-02-04 14:00:00,2026-02-04 20:00:00,2,0.30290456243982466,0.031152822708644667,0.805638381594581,2026-02-03 23:00:00,21,t2-combined-3d2333d167
2026-02-04 15:00:00,2026-02-04 21:00:00,2,0.5391366794189207,0.13558523627474017,0.9378765455004932,2026-02-03 23:00:00,22,t2-combined-3d2333d167
2026-02-04 16:00:00,2026-02-04 22:00:00,2,0.7538004639375535,0.3976208668258993,1.0,2026-02-03 23:00:00,23,t2-combined-3d2333d167
2026-02-04 17:00:00,2026-02-04 23:00:00,2,0.7908613160968646,0.5075042381087734,0.9983920831320686,2026-02-03 23:00:00,24,t2-combined-3d2333d167
2026-02-04 18:00:00,2026-02-05 00:00:00,2,0.8515536384985147,0.46832674704710325,0.9907804051853217,2026-02-04 23:00:00,1,t2-combined-3d2333d167
2026-02-04 19:00:00,2026-02-05 01:00:00,2,0.9490222866671433,0.7915216463460675,0.9851772737675761,2026-02-04 23:00:00,2,t2-combined-3d2333d167
2026-02-04 20:00:00,2026-02-05 02:00:00,2,0.9693867745731467,0.783366604234133,0.9867233317311659,2026-02-04 23:00:00,3,t2-combined-3d2333d167
2026-02-04 21:00:00,2026-02-05 03:00:00,2,0.9713229405301582,0.8297832367920254,0.9873443635841989,2026-02-04 23:00:00,4,t2-combined-3d2333d167
2026-02-04 22:00:00,2026-02-05 04:00:00,2,0.9720265748861386,0.8238470246730907,0.9843375266984443,2026-02-04 23:00:00,5,t2-combined-3d2333d167
2026-02-04 23:00:00,2026-02-05 05:00:00,2,0.9720479800790429,0.8097767976243401,0.9823772424891217,2026-02-04 23:00:00,6,t2-combined-3d2333d167
2026-02-05 00:00:00,2026-02-05 06:00:00,2,0.9722015654016221,0.8169458347446295,0.9818226909911603,2026-02-04 23:00:00,7,t2-combined-3d2333d167
2026-02-05 01:00:00,2026-02-05 07:00:00,2,0.9717455156486281,0.7906879158440744,0.9773407325020471,2026-02-04 23:00:00,8,t2-combined-3d2333d167
2026-02-05 02:00:00,2026-02-05 08:00:00,2,0.9713237501135895,0.7819754669868288,0.9762811301801181,2026-02-04 23:00:00,9,t2-combined-3d2333d167
2026-02-05 03:00:00,2026-02-05 09:00:00,2,0.971349508265116,0.7675051038410953,0.975809296991887,2026-02-04 23:00:00,10,t2-combined-3d2333d167
2026-02-05 04:00:00,2026-02-05 10:00:00,2,0.9710947726459874,0.7253662669140581,0.9760893082115984,2026-02-04 23:00:00,11,t2-combined-3d2333d167
2026-02-05 05:00:00,2026-02-05 11:00:00,2,0.9712351275891626,0.7432249345189746,0.9749166653531275,2026-02-04 23:00:00,12,t2-combined-3d2333d167
2026-02-05 06:00:00,2026-02-05 12:00:00,2,0.9710916618722039,0.7559138220170165,0.9753257485128943,2026-02-04 23:00:00,13,t2-combined-3d2333d167
2026-02-05 07:00:00,2026-02-05 13:00:00,2,0.9695191654676282,0.7424107471075354,0.9754227824301491,2026-02-04 23:00:00,14,t2-combined-3d2333d167
2026-02-05 08:00:00,2026-02-05 14:00:00,2,0.9688096730642528,0.6790784099143574,0.97418587173553,2026-02-04 23:00:00,15,t2-combined-3d2333d167
2026-02-05 09:00:00,2026-02-05 15:00:00,2,0.9669813116591388,0.5980341490141621,0.9746783798959011,2026-02-04 23:00:00,16,t2-combined-3d2333d167
2026-02-05 10:00:00,2026-02-05 16:00:00,2,0.9633329876424934,0.6299264006754928,0.9758593827197004,2026-02-04 23:00:00,17,t2-combined-3d2333d167
2026-02-05 11:00:00,2026-02-05 17:00:00,2,0.9322118684643269,0.5707999173124266,0.9753345159658525,2026-02-04 23:00:00,18,t2-combined-3d2333d167
2026-02-05 12:00:00,2026-02-05 18:00:00,2,0.9329148244926766,0.5418882646948473,0.9789969529468796,2026-02-04 23:00:00,19,t2-combined-3d2333d167
2026-02-05 13:00:00,2026-02-05 19:00:00,2,0.8511137901720678,0.3436685900441887,0.9915563931896582,2026-02-04 23:00:00,20,t2-combined-3d2333d167
2026-02-05 14:00:00,2026-02-05 20:00:00,2,0.796044381784422,0.23427023080213105,0.9876959716790411,2026-02-04 23:00:00,21,t2-combined-3d2333d167
2026-02-05 15:00:00,2026-02-05 21:00:00,2,0.6943944799083983,0.22076818021726025,0.988932786910188,2026-02-04 23:00:00,22,t2-combined-3d2333d167
2026-02-05 16:00:00,2026-02-05 22:00:00,2,0.6468107482943903,0.1955211227007273,0.998285442418095,2026-02-04 23:00:00,23,t2-combined-3d2333d167
2026-02-05 17:00:00,2026-02-05 23:00:00,2,0.4732510865031061,0.10611476350283794,1.0,2026-02-04 23:00:00,24,t2-combined-3d2333d167
2026-02-05 18:00:00,2026-02-06 00:00:00,2,0.40925374118964947,0.12247270827530277,0.9608549110410092,2026-02-05 23:00:00,1,t2-combined-3d2333d167
2026-02-05 19:00:00,2026-02-06 01:00:00,2,0.3616762156260164,0.09043219968081234,0.9058980662797111,2026-02-05 23:00:00,2,t2-combined-3d2333d167
2026-02-05 20:00:00,2026-02-06 02:00:00,2,0.28976091019985717,0.09379016718834363,0.8816150003412355,2026-02-05 23:00:00,3,t2-combined-3d2333d167
2026-02-05 21:00:00,2026-02-06 03:00:00,2,0.15285312182848876,0.03515444339612962,0.8392821521410088,2026-02-05 23:00:00,4,t2-combined-3d2333d167
2026-02-05 22:00:00,2026-02-06 04:00:00,2,0.11412796192364486,0.0069125677706519395,0.8017483742818372,2026-02-05 23:00:00,5,t2-combined-3d2333d167
2026-02-05 23:00:00,2026-02-06 05:00:00,2,0.11659071112977121,0.004155051645262295,0.5628106263886085,2026-02-05 23:00:00,6,t2-combined-3d2333d167
2026-02-06 00:00:00,2026-02-06 06:00:00,2,0.0897429904739243,0.0059380686359322005,0.3998629641073494,2026-02-05 23:00:00,7,t2-combined-3d2333d167
2026-02-06 01:00:00,2026-02-06 07:00:00,2,0.0602253042393502,0.006555221985741211,0.4306502740821832,2026-02-05 23:00:00,8,t2-combined-3d2333d167
2026-02-06 02:00:00,2026-02-06 08:00:00,2,0.05538566310029905,0.006905811674868936,0.3519984570056759,2026-02-05 23:00:00,9,t2-combined-3d2333d167
2026-02-06 03:00:00,2026-02-06 09:00:00,2,0.058074603929368245,0.007045206778628139,0.3500487193680926,2026-02-05 23:00:00,10,t2-combined-3d2333d167
2026-02-06 04:00:00,2026-02-06 10:00:00,2,0.08906512950777774,0.004404791550626716,0.3396993338713223,2026-02-05 23:00:00,11,t2-combined-3d2333d167
2026-02-06 05:00:00,2026-02-06 11:00:00,2,0.18970658806597998,0.03302836322444638,0.6363718232673752,2026-02-05 23:00:00,12,t2-combined-3d2333d167
2026-02-06 06:00:00,2026-02-06 12:00:00,2,0.43937889172835504,0.08095726845067902,0.9129080367681546,2026-02-05 23:00:00,13,t2-combined-3d2333d167
2026-02-06 07:00:00,2026-02-06 13:00:00,2,0.7510890517877862,0.17346762980622976,0.9814778761030735,2026-02-05 23:00:00,14,t2-combined-3d2333d167
2026-02-06 08:00:00,2026-02-06 14:00:00,2,0.9469582912368177,0.49381820617151445,0.9738733876050868,2026-02-05 23:00:00,15,t2-combined-3d2333d167
2026-02-06 09:00:00,2026-02-06 15:00:00,2,0.9685951842040929,0.7178592835969615,0.9745470078483742,2026-02-05 23:00:00,16,t2-combined-3d2333d167
2026-02-06 10:00:00,2026-02-06 16:00:00,2,0.9699498265141306,0.8883778100335513,0.9755087887733855,2026-02-05 23:00:00,17,t2-combined-3d2333d167
2026-02-06 11:00:00,2026-02-06 17:00:00,2,0.9712084736766544,0.8667094613083062,0.9760507858557224,2026-02-05 23:00:00,18,t2-combined-3d2333d167
2026-02-06 12:00:00,2026-02-06 18:00:00,2,0.9715497473339136,0.861160923328054,0.9775684117292575,2026-02-05 23:00:00,19,t2-combined-3d2333d167
2026-02-06 13:00:00,2026-02-06 19:00:00,2,0.9716714507302857,0.8995435766791395,0.9775887928923174,2026-02-05 23:00:00,20,t2-combined-3d2333d167
2026-02-06 14:00:00,2026-02-06 20:00:00,2,0.9717769250618925,0.9291044331360314,0.9788666221680712,2026-02-05 23:00:00,21,t2-combined-3d2333d167
2026-02-06 15:00:00,2026-02-06 21:00:00,2,0.9708611387644004,0.9254324360794048,0.9807261879647815,2026-02-05 23:00:00,22,t2-combined-3d2333d167
2026-02-06 16:00:00,2026-02-06 22:00:00,2,0.9697757876375248,0.9153756420486359,0.9803154983914334,2026-02-05 23:00:00,23,t2-combined-3d2333d167
2026-02-06 17:00:00,2026-02-06 23:00:00,2,0.9669627015749619,0.9096977351802058,0.9807245573614434,2026-02-05 23:00:00,24,t2-combined-3d2333d167
2026-02-06 18:00:00,2026-02-07 00:00:00,2,0.8348532545583104,0.3895595496145569,0.9961055789519782,2026-02-06 23:00:00,1,t2-combined-3d2333d167
2026-02-06 19:00:00,2026-02-07 01:00:00,2,0.6603613522331355,0.299944403092446,0.9845635870134191,2026-02-06 23:00:00,2,t2-combined-3d2333d167
2026-02-06 20:00:00,2026-02-07 02:00:00,2,0.6035332974378307,0.23998753260678402,0.971131825591294,2026-02-06 23:00:00,3,t2-combined-3d2333d167
2026-02-06 21:00:00,2026-02-07 03:00:00,2,0.43071322053657035,0.11541759310184574,0.8983363322381324,2026-02-06 23:00:00,4,t2-combined-3d2333d167
2026-02-06 22:00:00,2026-02-07 04:00:00,2,0.3140180730247228,0.010764205978379737,0.7763013269946777,2026-02-06 23:00:00,5,t2-combined-3d2333d167
2026-02-06 23:00:00,2026-02-07 05:00:00,2,0.1924400301094637,0.01032753689325036,0.642954269229146,2026-02-06 23:00:00,6,t2-combined-3d2333d167
2026-02-07 00:00:00,2026-02-07 06:00:00,2,0.03808497591135142,0.007895140323420192,0.2852227875711732,2026-02-06 23:00:00,7,t2-combined-3d2333d167
2026-02-07 01:00:00,2026-02-07 07:00:00,2,0.01654468393219527,0.008163589918460066,0.10505093202461693,2026-02-06 23:00:00,8,t2-combined-3d2333d167
2026-02-07 02:00:00,2026-02-07 08:00:00,2,0.011570041838072533,0.008178893483984585,0.06817334909719237,2026-02-06 23:00:00,9,t2-combined-3d2333d167
2026-02-07 03:00:00,2026-02-07 09:00:00,2,0.026103972782989968,0.007904936113557231,0.13719704229012464,2026-02-06 23:00:00,10,t2-combined-3d2333d167
2026-02-07 04:00:00,2026-02-07 10:00:00,2,0.08255308901594993,0.005273069006485526,0.39206900532237593,2026-02-06 23:00:00,11,t2-combined-3d2333d167
2026-02-07 05:00:00,2026-02-07 11:00:00,2,0.21349538827606052,0.0178503680882586,0.6673760886293347,2026-02-06 23:00:00,12,t2-combined-3d2333d167
2026-02-07 06:00:00,2026-02-07 12:00:00,2,0.2561386208760366,0.032759128186840875,0.7670836660142604,2026-02-06 23:00:00,13,t2-combined-3d2333d167
2026-02-07 07:00:00,2026-02-07 13:00:00,2,0.22688391035606814,0.02878275652894849,0.7546564225151763,2026-02-06 23:00:00,14,t2-combined-3d2333d167
2026-02-07 08:00:00,2026-02-07 14:00:00,2,0.1713783152785998,0.007610771469371086,0.6110262782361869,2026-02-06 23:00:00,15,t2-combined-3d2333d167
2026-02-07 09:00:00,2026-02-07 15:00:00,2,0.11156331933473967,0.005041827573529237,0.44074024703036574,2026-02-06 23:00:00,16,t2-combined-3d2333d167
2026-02-07 10:00:00,2026-02-07 16:00:00,2,0.05844070465713953,0.00689470711341076,0.25371212683248473,2026-02-06 23:00:00,17,t2-combined-3d2333d167
2026-02-07 11:00:00,2026-02-07 17:00:00,2,0.059548958877100766,0.006753921414859199,0.21268355486752746,2026-02-06 23:00:00,18,t2-combined-3d2333d167
2026-02-07 12:00:00,2026-02-07 18:00:00,2,0.11893902077514137,0.00715810540342178,0.3984397284836194,2026-02-06 23:00:00,19,t2-combined-3d2333d167
2026-02-07 13:00:00,2026-02-07 19:00:00,2,0.22133137426772304,0.024336911125917488,0.7118618026695969,2026-02-06 23:00:00,20,t2-combined-3d2333d167
2026-02-07 14:00:00,2026-02-07 20:00:00,2,0.25719675500749173,0.03561471344330072,0.7846359413330459,2026-02-06 23:00:00,21,t2-combined-3d2333d167
2026-02-07 15:00:00,2026-02-07 21:00:00,2,0.4529224985354496,0.08380467207302311,0.904117642546331,2026-02-06 23:00:00,22,t2-combined-3d2333d167
2026-02-07 16:00:00,2026-02-07 22:00:00,2,0.565145950419228,0.12510830002623585,0.966690457872623,2026-02-06 23:00:00,23,t2-combined-3d2333d167
2026-02-07 17:00:00,2026-02-07 23:00:00,2,0.6415251309471206,0.26135554684271683,0.9513457797999385,2026-02-06 23:00:00,24,t2-combined-3d2333d167
2026-02-07 18:00:00,2026-02-08 00:00:00,2,0.9323321654334665,0.7395811819549917,0.9753819303864448,2026-02-07 23:00:00,1,t2-combined-3d2333d167
2026-02-07 19:00:00,2026-02-08 01:00:00,2,0.9386526458493543,0.6975861001054775,0.9772399396686169,2026-02-07 23:00:00,2,t2-combined-3d2333d167
2026-02-07 20:00:00,2026-02-08 02:00:00,2,0.9187207766666532,0.6377374742157764,0.9760765879465224,2026-02-07 23:00:00,3,t2-combined-3d2333d167
2026-02-07 21:00:00,2026-02-08 03:00:00,2,0.8952642373880542,0.5153084049688264,0.9721734274604609,2026-02-07 23:00:00,4,t2-combined-3d2333d167
2026-02-07 22:00:00,2026-02-08 04:00:00,2,0.8251721617418898,0.4269926595149758,0.9821749166827929,2026-02-07 23:00:00,5,t2-combined-3d2333d167
2026-02-07 23:00:00,2026-02-08 05:00:00,2,0.6627082731066785,0.27820384252521363,0.9866408172460182,2026-02-07 23:00:00,6,t2-combined-3d2333d167
2026-02-08 00:00:00,2026-02-08 06:00:00,2,0.5106270524703271,0.08088937547276742,0.9705730743149084,2026-02-07 23:00:00,7,t2-combined-3d2333d167
2026-02-08 01:00:00,2026-02-08 07:00:00,2,0.3988767503206373,0.032060222488831835,0.9033966297648266,2026-02-07 23:00:00,8,t2-combined-3d2333d167
2026-02-08 02:00:00,2026-02-08 08:00:00,2,0.25322969709657517,0.004849711176218269,0.744205022075884,2026-02-07 23:00:00,9,t2-combined-3d2333d167
2026-02-08 03:00:00,2026-02-08 09:00:00,2,0.18215260593872692,0.002589440283764649,0.5730822638878119,2026-02-07 23:00:00,10,t2-combined-3d2333d167
2026-02-08 04:00:00,2026-02-08 10:00:00,2,0.11840446178258321,0.004406433678874305,0.4122541919514451,2026-02-07 23:00:00,11,t2-combined-3d2333d167
2026-02-08 05:00:00,2026-02-08 11:00:00,2,0.048152219599006854,0.00761604362869011,0.1940087530667179,2026-02-07 23:00:00,12,t2-combined-3d2333d167
2026-02-08 06:00:00,2026-02-08 12:00:00,2,0.013598049028847804,0.008497822968005586,0.0777643101552649,2026-02-07 23:00:00,13,t2-combined-3d2333d167
2026-02-08 07:00:00,2026-02-08 13:00:00,2,0.017817984450765496,0.008131947424649622,0.1162007126058428,2026-02-07 23:00:00,14,t2-combined-3d2333d167
2026-02-08 08:00:00,2026-02-08 14:00:00,2,0.11818241139506994,0.009512153005440158,0.3959473872167971,2026-02-07 23:00:00,15,t2-combined-3d2333d167
2026-02-08 09:00:00,2026-02-08 15:00:00,2,0.3978620068885329,0.07962617288702245,0.8692149364285027,2026-02-07 23:00:00,16,t2-combined-3d2333d167
2026-02-08 10:00:00,2026-02-08 16:00:00,2,0.8174378963962259,0.3102766496341338,0.9885655096154187,2026-02-07 23:00:00,17,t2-combined-3d2333d167
2026-02-08 11:00:00,2026-02-08 17:00:00,2,0.9676375256910505,0.7304242391891717,0.9819111635292878,2026-02-07 23:00:00,18,t2-combined-3d2333d167
2026-02-08 12:00:00,2026-02-08 18:00:00,2,0.9713755643506455,0.8363203905373194,0.9818132194255031,2026-02-07 23:00:00,19,t2-combined-3d2333d167
2026-02-08 13:00:00,2026-02-08 19:00:00,2,0.9723580176710109,0.8258264496783246,0.9814557838957801,2026-02-07 23:00:00,20,t2-combined-3d2333d167
2026-02-08 14:00:00,2026-02-08 20:00:00,2,0.9718893305587852,0.7503948698160076,0.9813995171543143,2026-02-07 23:00:00,21,t2-combined-3d2333d167
2026-02-08 15:00:00,2026-02-08 21:00:00,2,0.9718908792679936,0.7500645565106382,0.9817729333728764,2026-02-07 23:00:00,22,t2-combined-3d2333d167
2026-02-08 16:00:00,2026-02-08 22:00:00,2,0.9716838618225454,0.7466890821431408,0.9820007791921233,2026-02-07 23:00:00,23,t2-combined-3d2333d167
2026-02-08 17:00:00,2026-02-08 23:00:00,2,0.9717360663262665,0.7109079631588469,0.9828125272256347,2026-02-07 23:00:00,24,t2-combined-3d2333d167
2026-02-08 18:00:00,2026-02-09 00:00:00,2,0.9662325801088407,0.6340256332178746,0.97945764529765,2026-02-08 23:00:00,1,t2-combined-3d2333d167
2026-02-08 19:00:00,2026-02-09 01:00:00,2,0.9658629118496517,0.5810408022168011,0.9791172330374918,2026-02-08 23:00:00,2,t2-combined-3d2333d167
2026-02-08 20:00:00,2026-02-09 02:00:00,2,0.9663099560999548,0.6245475508746623,0.9787383156295162,2026-02-08 23:00:00,3,t2-combined-3d2333d167
2026-02-08 21:00:00,2026-02-09 03:00:00,2,0.9658024802807599,0.5501074003538139,0.9784651608573284,2026-02-08 23:00:00,4,t2-combined-3d2333d167
2026-02-08 22:00:00,2026-02-09 04:00:00,2,0.9649359184150925,0.5496131548504168,0.9785210997199602,2026-02-08 23:00:00,5,t2-combined-3d2333d167
2026-02-08 23:00:00,2026-02-09 05:00:00,2,0.9648649109568934,0.5600456639694271,0.9787495790938572,2026-02-08 23:00:00,6,t2-combined-3d2333d167
2026-02-09 00:00:00,2026-02-09 06:00:00,2,0.9647954533041805,0.570815179663287,0.9787868563372755,2026-02-08 23:00:00,7,t2-combined-3d2333d167
2026-02-09 01:00:00,2026-02-09 07:00:00,2,0.9642254858832392,0.578523737781521,0.9782710826562326,2026-02-08 23:00:00,8,t2-combined-3d2333d167
2026-02-09 02:00:00,2026-02-09 08:00:00,2,0.964169548058056,0.5630464934347594,0.9790651036336712,2026-02-08 23:00:00,9,t2-combined-3d2333d167
2026-02-09 03:00:00,2026-02-09 09:00:00,2,0.9641888273778518,0.5881520334631718,0.9792121593669069,2026-02-08 23:00:00,10,t2-combined-3d2333d167
2026-02-09 04:00:00,2026-02-09 10:00:00,2,0.9638650556966308,0.5945832832507472,0.9782888154419309,2026-02-08 23:00:00,11,t2-combined-3d2333d167
2026-02-09 05:00:00,2026-02-09 11:00:00,2,0.9637305245909646,0.6037707657321545,0.9803758107820797,2026-02-08 23:00:00,12,t2-combined-3d2333d167
2026-02-09 06:00:00,2026-02-09 12:00:00,2,0.9642815579172147,0.6116085956028936,0.9815930052880486,2026-02-08 23:00:00,13,t2-combined-3d2333d167
2026-02-09 07:00:00,2026-02-09 13:00:00,2,0.9647276189144451,0.5860005275417499,0.9806174303965185,2026-02-08 23:00:00,14,t2-combined-3d2333d167
2026-02-09 08:00:00,2026-02-09 14:00:00,2,0.9642536726448977,0.5754532778408559,0.979711150592721,2026-02-08 23:00:00,15,t2-combined-3d2333d167
2026-02-09 09:00:00,2026-02-09 15:00:00,2,0.9641934878015207,0.4724922117533884,0.9803016069066168,2026-02-08 23:00:00,16,t2-combined-3d2333d167
2026-02-09 10:00:00,2026-02-09 16:00:00,2,0.967688755129504,0.41577635483075237,0.977709655398498,2026-02-08 23:00:00,17,t2-combined-3d2333d167
2026-02-09 11:00:00,2026-02-09 17:00:00,2,0.9664338341007555,0.5922135447293158,0.9762562966932493,2026-02-08 23:00:00,18,t2-combined-3d2333d167
2026-02-09 12:00:00,2026-02-09 18:00:00,2,0.9472821122603212,0.495736962679701,0.9855370500743974,2026-02-08 23:00:00,19,t2-combined-3d2333d167
2026-02-09 13:00:00,2026-02-09 19:00:00,2,0.87234132973474,0.3329682543204455,1.0,2026-02-08 23:00:00,20,t2-combined-3d2333d167
2026-02-09 14:00:00,2026-02-09 20:00:00,2,0.6738706495912435,0.14415213879740463,1.0,2026-02-08 23:00:00,21,t2-combined-3d2333d167
2026-02-09 15:00:00,2026-02-09 21:00:00,2,0.44128067406464666,0.08536311146814751,1.0,2026-02-08 23:00:00,22,t2-combined-3d2333d167
2026-02-09 16:00:00,2026-02-09 22:00:00,2,0.3434921837828353,0.020901528842050265,0.9374607680223025,2026-02-08 23:00:00,23,t2-combined-3d2333d167
2026-02-09 17:00:00,2026-02-09 23:00:00,2,0.34756072979588315,0.009604944122183212,0.8180251933758595,2026-02-08 23:00:00,24,t2-combined-3d2333d167
2026-02-09 18:00:00,2026-02-10 00:00:00,2,0.2473957014379663,0.011320328070122038,0.6287532705080294,2026-02-09 23:00:00,1,t2-combined-3d2333d167
2026-02-09 19:00:00,2026-02-10 01:00:00,2,0.18268233103109155,0.005432119018638604,0.5906013677176161,2026-02-09 23:00:00,2,t2-combined-3d2333d167
2026-02-09 20:00:00,2026-02-10 02:00:00,2,0.11915903584432634,0.005937756721491133,0.5899143265490641,2026-02-09 23:00:00,3,t2-combined-3d2333d167
2026-02-09 21:00:00,2026-02-10 03:00:00,2,0.09578328666092856,0.0053524611566957425,0.509793496792149,2026-02-09 23:00:00,4,t2-combined-3d2333d167
2026-02-09 22:00:00,2026-02-10 04:00:00,2,0.07956061995408426,0.005911054309579958,0.4244187701780468,2026-02-09 23:00:00,5,t2-combined-3d2333d167
2026-02-09 23:00:00,2026-02-10 05:00:00,2,0.06335406701364363,0.006432276790733327,0.4093910669686185,2026-02-09 23:00:00,6,t2-combined-3d2333d167
2026-02-10 00:00:00,2026-02-10 06:00:00,2,0.06565208730747911,0.006278433852271288,0.4536791009325619,2026-02-09 23:00:00,7,t2-combined-3d2333d167
2026-02-10 01:00:00,2026-02-10 07:00:00,2,0.1062528068380415,0.003622084906621831,0.6698086725490406,2026-02-09 23:00:00,8,t2-combined-3d2333d167
2026-02-10 02:00:00,2026-02-10 08:00:00,2,0.150288931292483,0.0004987452635553391,0.7714311108243905,2026-02-09 23:00:00,9,t2-combined-3d2333d167
2026-02-10 03:00:00,2026-02-10 09:00:00,2,0.20040031310414663,0.0024359239110204323,0.6905442382112355,2026-02-09 23:00:00,10,t2-combined-3d2333d167
2026-02-10 04:00:00,2026-02-10 10:00:00,2,0.20249240899591192,0.0,0.7338181399376518,2026-02-09 23:00:00,11,t2-combined-3d2333d167
2026-02-10 05:00:00,2026-02-10 11:00:00,2,0.16532739227253707,0.004020556058562386,0.7250307012027826,2026-02-09 23:00:00,12,t2-combined-3d2333d167
2026-02-10 06:00:00,2026-02-10 12:00:00,2,0.16560147272372766,0.0036595793123604115,0.6038641250864312,2026-02-09 23:00:00,13,t2-combined-3d2333d167
2026-02-10 07:00:00,2026-02-10 13:00:00,2,0.15008859218649706,0.00480084246917134,0.6159272044710458,2026-02-09 23:00:00,14,t2-combined-3d2333d167
2026-02-10 08:00:00,2026-02-10 14:00:00,2,0.1375649607226138,0.00315407351785868,0.5800760779872314,2026-02-09 23:00:00,15,t2-combined-3d2333d167
2026-02-10 09:00:00,2026-02-10 15:00:00,2,0.12182803779763043,0.004711786835283768,0.5269110343477633,2026-02-09 23:00:00,16,t2-combined-3d2333d167
2026-02-10 10:00:00,2026-02-10 16:00:00,2,0.1071753452137909,0.005500311611217584,0.4342973641623928,2026-02-09 23:00:00,17,t2-combined-3d2333d167
2026-02-10 11:00:00,2026-02-10 17:00:00,2,0.08759801518451718,0.005816667136706116,0.4557207023617752,2026-02-09 23:00:00,18,t2-combined-3d2333d167
2026-02-10 12:00:00,2026-02-10 18:00:00,2,0.11357272253565098,0.004582071061035059,0.5404805100900811,2026-02-09 23:00:00,19,t2-combined-3d2333d167
2026-02-10 13:00:00,2026-02-10 19:00:00,2,0.18026301481200735,0.0018376217863653732,0.7346157604134838,2026-02-09 23:00:00,20,t2-combined-3d2333d167
2026-02-10 14:00:00,2026-02-10 20:00:00,2,0.2247158594677336,0.015602208720297744,0.8706787884148344,2026-02-09 23:00:00,21,t2-combined-3d2333d167
2026-02-10 15:00:00,2026-02-10 21:00:00,2,0.566850930115475,0.11459887394630103,0.9729523187898848,2026-02-09 23:00:00,22,t2-combined-3d2333d167
2026-02-10 16:00:00,2026-02-10 22:00:00,2,0.8349983016689273,0.25637269843960364,0.984621573729416,2026-02-09 23:00:00,23,t2-combined-3d2333d167
2026-02-10 17:00:00,2026-02-10 23:00:00,2,0.9605297308112277,0.5832184230881852,0.9799618880989549,2026-02-09 23:00:00,24,t2-combined-3d2333d167
2026-02-10 18:00:00,2026-02-11 00:00:00,2,0.964811959039018,0.7086626285083917,0.9780936587166534,2026-02-10 23:00:00,1,t2-combined-3d2333d167
2026-02-10 19:00:00,2026-02-11 01:00:00,2,0.9641874218450466,0.7068584864875633,0.9771220657620732,2026-02-10 23:00:00,2,t2-combined-3d2333d167
2026-02-10 20:00:00,2026-02-11 02:00:00,2,0.9536892262260903,0.4598814826562317,0.9830693378942043,2026-02-10 23:00:00,3,t2-combined-3d2333d167
2026-02-10 21:00:00,2026-02-11 03:00:00,2,0.8523087371628553,0.2808691913342357,0.9868383473513173,2026-02-10 23:00:00,4,t2-combined-3d2333d167
2026-02-10 22:00:00,2026-02-11 04:00:00,2,0.5281648904812448,0.06793235756721205,1.0,2026-02-10 23:00:00,5,t2-combined-3d2333d167
2026-02-10 23:00:00,2026-02-11 05:00:00,2,0.4481985273801507,0.022664584184616976,0.9776312516373178,2026-02-10 23:00:00,6,t2-combined-3d2333d167
2026-02-11 00:00:00,2026-02-11 06:00:00,2,0.1992641280490784,0.00531971812687948,0.761514386645032,2026-02-10 23:00:00,7,t2-combined-3d2333d167
2026-02-11 01:00:00,2026-02-11 07:00:00,2,0.07976113093957869,0.006142084686397931,0.427525293241569,2026-02-10 23:00:00,8,t2-combined-3d2333d167
2026-02-11 02:00:00,2026-02-11 08:00:00,2,0.05382912310675024,0.00729751652090712,0.44245240519149825,2026-02-10 23:00:00,9,t2-combined-3d2333d167
2026-02-11 03:00:00,2026-02-11 09:00:00,2,0.04535242129301699,0.007526157821355503,0.39359082507275295,2026-02-10 23:00:00,10,t2-combined-3d2333d167
2026-02-11 04:00:00,2026-02-11 10:00:00,2,0.07194218408362694,0.0058405358165730115,0.44021075453632125,2026-02-10 23:00:00,11,t2-combined-3d2333d167
2026-02-11 05:00:00,2026-02-11 11:00:00,2,0.13783256709417116,0.0,0.7320260894213833,2026-02-10 23:00:00,12,t2-combined-3d2333d167
2026-02-11 06:00:00,2026-02-11 12:00:00,2,0.19381295266809767,0.0,0.8022952187580337,2026-02-10 23:00:00,13,t2-combined-3d2333d167
2026-02-11 07:00:00,2026-02-11 13:00:00,2,0.2081659255760327,0.0,0.8391269166755084,2026-02-10 23:00:00,14,t2-combined-3d2333d167
2026-02-11 08:00:00,2026-02-11 14:00:00,2,0.19380546168763063,0.00014998080049410945,0.8901281936665988,2026-02-10 23:00:00,15,t2-combined-3d2333d167
2026-02-11 09:00:00,2026-02-11 15:00:00,2,0.2753796985460527,0.02231433674386507,0.8577241950945494,2026-02-10 23:00:00,16,t2-combined-3d2333d167
2026-02-11 10:00:00,2026-02-11 16:00:00,2,0.6339548345849968,0.09128102769527824,0.9824567247213455,2026-02-10 23:00:00,17,t2-combined-3d2333d167
2026-02-11 11:00:00,2026-02-11 17:00:00,2,0.9096075613297987,0.45854358230754205,0.9770892270044528,2026-02-10 23:00:00,18,t2-combined-3d2333d167
2026-02-11 12:00:00,2026-02-11 18:00:00,2,0.9618048139566253,0.6800698665855345,0.9760499551798135,2026-02-10 23:00:00,19,t2-combined-3d2333d167
2026-02-11 13:00:00,2026-02-11 19:00:00,2,0.9644469537400863,0.700087605124449,0.9772103485917731,2026-02-10 23:00:00,20,t2-combined-3d2333d167
2026-02-11 14:00:00,2026-02-11 20:00:00,2,0.962444010664312,0.7439933027167666,0.9769914985701776,2026-02-10 23:00:00,21,t2-combined-3d2333d167
2026-02-11 15:00:00,2026-02-11 21:00:00,2,0.9615575096929885,0.574678059115082,0.9793294592801187,2026-02-10 23:00:00,22,t2-combined-3d2333d167
2026-02-11 16:00:00,2026-02-11 22:00:00,2,0.8911139644991917,0.4605566154486402,0.9842083179397073,2026-02-10 23:00:00,23,t2-combined-3d2333d167
2026-02-11 17:00:00,2026-02-11 23:00:00,2,0.8281175237089727,0.33716213639845133,0.9798350576818937,2026-02-10 23:00:00,24,t2-combined-3d2333d167
2026-02-11 18:00:00,2026-02-12 00:00:00,2,0.5628825810615046,0.10513949929141375,1.0,2026-02-11 23:00:00,1,t2-combined-3d2333d167
2026-02-11 19:00:00,2026-02-12 01:00:00,2,0.4584452005634755,0.0770830846471584,0.9865962492612307,2026-02-11 23:00:00,2,t2-combined-3d2333d167
2026-02-11 20:00:00,2026-02-12 02:00:00,2,0.4335515767007494,0.04207935748826075,0.9927102637952077,2026-02-11 23:00:00,3,t2-combined-3d2333d167
2026-02-11 21:00:00,2026-02-12 03:00:00,2,0.3915340347818861,0.03687949235799992,0.9717336883671003,2026-02-11 23:00:00,4,t2-combined-3d2333d167
2026-02-11 22:00:00,2026-02-12 04:00:00,2,0.31482802750837624,0.018071019355777318,0.8167388244834975,2026-02-11 23:00:00,5,t2-combined-3d2333d167
2026-02-11 23:00:00,2026-02-12 05:00:00,2,0.2077545096523275,0.0013262699704323644,0.5365382226245425,2026-02-11 23:00:00,6,t2-combined-3d2333d167
2026-02-12 00:00:00,2026-02-12 06:00:00,2,0.07432543606493885,0.006278986183669219,0.3368257112198041,2026-02-11 23:00:00,7,t2-combined-3d2333d167
2026-02-12 01:00:00,2026-02-12 07:00:00,2,0.049898374276746066,0.007219346889087534,0.22630592057792456,2026-02-11 23:00:00,8,t2-combined-3d2333d167
2026-02-12 02:00:00,2026-02-12 08:00:00,2,0.045345520424056304,0.007369473418505149,0.1442269666297103,2026-02-11 23:00:00,9,t2-combined-3d2333d167
2026-02-12 03:00:00,2026-02-12 09:00:00,2,0.021682681713092723,0.006432325902985033,0.08619512310740261,2026-02-11 23:00:00,10,t2-combined-3d2333d167
2026-02-12 04:00:00,2026-02-12 10:00:00,2,0.01897752950183615,0.006999654381015316,0.0898637200818527,2026-02-11 23:00:00,11,t2-combined-3d2333d167
2026-02-12 05:00:00,2026-02-12 11:00:00,2,0.02307473756816419,0.007251908493176171,0.1657140384875167,2026-02-11 23:00:00,12,t2-combined-3d2333d167
2026-02-12 06:00:00,2026-02-12 12:00:00,2,0.05414994916616345,0.007168457437580239,0.22359158694610534,2026-02-11 23:00:00,13,t2-combined-3d2333d167
2026-02-12 07:00:00,2026-02-12 13:00:00,2,0.0738481262289348,0.006007587713213816,0.3889831183040253,2026-02-11 23:00:00,14,t2-combined-3d2333d167
2026-02-12 08:00:00,2026-02-12 14:00:00,2,0.07737244271762046,0.006106271949276168,0.3953964291385166,2026-02-11 23:00:00,15,t2-combined-3d2333d167
2026-02-12 09:00:00,2026-02-12 15:00:00,2,0.07422617680636555,0.006475801415539231,0.33146717791905517,2026-02-11 23:00:00,16,t2-combined-3d2333d167
2026-02-12 10:00:00,2026-02-12 16:00:00,2,0.07153676161890585,0.0064268079771963305,0.37971623198528415,2026-02-11 23:00:00,17,t2-combined-3d2333d167
2026-02-12 11:00:00,2026-02-12 17:00:00,2,0.10228714229970334,0.004814639682460889,0.4471922252603646,2026-02-11 23:00:00,18,t2-combined-3d2333d167
2026-02-12 12:00:00,2026-02-12 18:00:00,2,0.19850507026293746,0.007552841444920022,0.4179528880072658,2026-02-11 23:00:00,19,t2-combined-3d2333d167
2026-02-12 13:00:00,2026-02-12 19:00:00,2,0.19976609217898955,0.0077272851160671285,0.40629744630457265,2026-02-11 23:00:00,20,t2-combined-3d2333d167
2026-02-12 14:00:00,2026-02-12 20:00:00,2,0.20710466288088963,0.003537298784109272,0.4915911351812887,2026-02-11 23:00:00,21,t2-combined-3d2333d167
2026-02-12 15:00:00,2026-02-12 21:00:00,2,0.20501333721894097,0.0037939187026403143,0.5215457298424216,2026-02-11 23:00:00,22,t2-combined-3d2333d167
2026-02-12 16:00:00,2026-02-12 22:00:00,2,0.18569405841420789,0.002879751710124473,0.47761623883003756,2026-02-11 23:00:00,23,t2-combined-3d2333d167
2026-02-12 17:00:00,2026-02-12 23:00:00,2,0.1455330817660023,0.004559182907430515,0.37749979500603914,2026-02-11 23:00:00,24,t2-combined-3d2333d167
2026-02-12 18:00:00,2026-02-13 00:00:00,2,0.025304424663120426,0.007835988122953799,0.12576957897414998,2026-02-12 23:00:00,1,t2-combined-3d2333d167
2026-02-12 19:00:00,2026-02-13 01:00:00,2,0.01587494999949023,0.008357490432364926,0.09027611429356265,2026-02-12 23:00:00,2,t2-combined-3d2333d167
2026-02-12 20:00:00,2026-02-13 02:00:00,2,0.01413409434241978,0.008502561917023307,0.0736435892864253,2026-02-12 23:00:00,3,t2-combined-3d2333d167
2026-02-12 21:00:00,2026-02-13 03:00:00,2,0.012925597840559818,0.008316756974065679,0.06696802805961455,2026-02-12 23:00:00,4,t2-combined-3d2333d167
2026-02-12 22:00:00,2026-02-13 04:00:00,2,0.016075230746210447,0.007952395088898098,0.07887948879678518,2026-02-12 23:00:00,5,t2-combined-3d2333d167
2026-02-12 23:00:00,2026-02-13 05:00:00,2,0.015572425641574744,0.008058638266909151,0.09347309615785322,2026-02-12 23:00:00,6,t2-combined-3d2333d167
2026-02-13 00:00:00,2026-02-13 06:00:00,2,0.01644270794736874,0.007871667596190254,0.0935130517002843,2026-02-12 23:00:00,7,t2-combined-3d2333d167
2026-02-13 01:00:00,2026-02-13 07:00:00,2,0.01542726849748682,0.008044309032147819,0.08901490092937009,2026-02-12 23:00:00,8,t2-combined-3d2333d167
2026-02-13 02:00:00,2026-02-13 08:00:00,2,0.01211640024440716,0.008065129654002322,0.06579149510792467,2026-02-12 23:00:00,9,t2-combined-3d2333d167
2026-02-13 03:00:00,2026-02-13 09:00:00,2,0.011527573049463977,0.00798058966797952,0.05865608789918629,2026-02-12 23:00:00,10,t2-combined-3d2333d167
2026-02-13 04:00:00,2026-02-13 10:00:00,2,0.011747048282555187,0.00797996694380273,0.07686504200203838,2026-02-12 23:00:00,11,t2-combined-3d2333d167
2026-02-13 05:00:00,2026-02-13 11:00:00,2,0.014854166113181737,0.007882228863150114,0.07711558742955206,2026-02-12 23:00:00,12,t2-combined-3d2333d167
2026-02-13 06:00:00,2026-02-13 12:00:00,2,0.015430559638762473,0.00789117558985805,0.08101865960149958,2026-02-12 23:00:00,13,t2-combined-3d2333d167
2026-02-13 07:00:00,2026-02-13 13:00:00,2,0.014504719244193429,0.00815951906425527,0.08533863337043815,2026-02-12 23:00:00,14,t2-combined-3d2333d167
2026-02-13 08:00:00,2026-02-13 14:00:00,2,0.01650998677740108,0.008301874357286129,0.11001496697789918,2026-02-12 23:00:00,15,t2-combined-3d2333d167
2026-02-13 09:00:00,2026-02-13 15:00:00,2,0.022072008757654367,0.008126776922969755,0.11934781239129544,2026-02-12 23:00:00,16,t2-combined-3d2333d167
2026-02-13 10:00:00,2026-02-13 16:00:00,2,0.022863824918369482,0.008019330159598255,0.11830156977286643,2026-02-12 23:00:00,17,t2-combined-3d2333d167
2026-02-13 11:00:00,2026-02-13 17:00:00,2,0.029679804871582068,0.008144511125113992,0.2332102929380358,2026-02-12 23:00:00,18,t2-combined-3d2333d167
2026-02-13 12:00:00,2026-02-13 18:00:00,2,0.043606907285548994,0.012492698651378885,0.22514482282978363,2026-02-12 23:00:00,19,t2-combined-3d2333d167
2026-02-13 13:00:00,2026-02-13 19:00:00,2,0.07037823369710614,0.011530035605256193,0.27754815508207653,2026-02-12 23:00:00,20,t2-combined-3d2333d167
2026-02-13 14:00:00,2026-02-13 20:00:00,2,0.10832540494511576,0.007090589598346075,0.46746926870435024,2026-02-12 23:00:00,21,t2-combined-3d2333d167
2026-02-13 15:00:00,2026-02-13 21:00:00,2,0.1683143537332173,0.00788675952605708,0.5299302270012896,2026-02-12 23:00:00,22,t2-combined-3d2333d167
2026-02-13 16:00:00,2026-02-13 22:00:00,2,0.21263514579549658,0.011595339957150091,0.7768592240152,2026-02-12 23:00:00,23,t2-combined-3d2333d167
2026-02-13 17:00:00,2026-02-13 23:00:00,2,0.3198773606124721,0.06808790455981584,0.8988597860056167,2026-02-12 23:00:00,24,t2-combined-3d2333d167
2026-02-13 18:00:00,2026-02-14 00:00:00,2,0.6620884509616911,0.2437349359138899,0.9961754176793899,2026-02-13 23:00:00,1,t2-combined-3d2333d167
2026-02-13 19:00:00,2026-02-14 01:00:00,2,0.6896326483198167,0.29272515920933506,0.9867589089498708,2026-02-13 23:00:00,2,t2-combined-3d2333d167
2026-02-13 20:00:00,2026-02-14 02:00:00,2,0.7269525473313457,0.27457786494855557,0.9797256631068672,2026-02-13 23:00:00,3,t2-combined-3d2333d167
2026-02-13 21:00:00,2026-02-14 03:00:00,2,0.7284788359179662,0.2260605687740852,0.9805109250968012,2026-02-13 23:00:00,4,t2-combined-3d2333d167
2026-02-13 22:00:00,2026-02-14 04:00:00,2,0.7055685578066135,0.23776724520320675,0.9842439437833318,2026-02-13 23:00:00,5,t2-combined-3d2333d167
2026-02-13 23:00:00,2026-02-14 05:00:00,2,0.5453995207209076,0.17025218433802958,0.9697048808599755,2026-02-13 23:00:00,6,t2-combined-3d2333d167
2026-02-14 00:00:00,2026-02-14 06:00:00,2,0.3483472420782123,0.09310418148630423,0.8524868087470403,2026-02-13 23:00:00,7,t2-combined-3d2333d167
2026-02-14 01:00:00,2026-02-14 07:00:00,2,0.23386004901505514,0.06686677734266566,0.7996126682036828,2026-02-13 23:00:00,8,t2-combined-3d2333d167
2026-02-14 02:00:00,2026-02-14 08:00:00,2,0.18905910735324838,0.019824604158288572,0.6236814931580223,2026-02-13 23:00:00,9,t2-combined-3d2333d167
2026-02-14 03:00:00,2026-02-14 09:00:00,2,0.1631341320090799,0.0026050152087402356,0.4705084443558754,2026-02-13 23:00:00,10,t2-combined-3d2333d167
2026-02-14 04:00:00,2026-02-14 10:00:00,2,0.09427041468763288,0.004123358476383815,0.3578081324732643,2026-02-13 23:00:00,11,t2-combined-3d2333d167
2026-02-14 05:00:00,2026-02-14 11:00:00,2,0.08640892076941012,0.005295939070220218,0.3365300497418453,2026-02-13 23:00:00,12,t2-combined-3d2333d167
2026-02-14 06:00:00,2026-02-14 12:00:00,2,0.07399713888088641,0.004963532183520816,0.39811502955883893,2026-02-13 23:00:00,13,t2-combined-3d2333d167
2026-02-14 07:00:00,2026-02-14 13:00:00,2,0.05584672461885882,0.006635989605174551,0.22444117942573713,2026-02-13 23:00:00,14,t2-combined-3d2333d167
2026-02-14 08:00:00,2026-02-14 14:00:00,2,0.04036402522625944,0.007753673246265483,0.17447074072778246,2026-02-13 23:00:00,15,t2-combined-3d2333d167
2026-02-14 09:00:00,2026-02-14 15:00:00,2,0.046347988745584864,0.007636991692187747,0.16860034559965262,2026-02-13 23:00:00,16,t2-combined-3d2333d167
2026-02-14 10:00:00,2026-02-14 16:00:00,2,0.04935083923342971,0.007643414192748166,0.17575422859084983,2026-02-13 23:00:00,17,t2-combined-3d2333d167
2026-02-14 11:00:00,2026-02-14 17:00:00,2,0.11418945985336426,0.004839439059973014,0.4076410426464296,2026-02-13 23:00:00,18,t2-combined-3d2333d167
2026-02-14 12:00:00,2026-02-14 18:00:00,2,0.23618346154132142,0.005043801510022761,0.5878483497640915,2026-02-13 23:00:00,19,t2-combined-3d2333d167
2026-02-14 13:00:00,2026-02-14 19:00:00,2,0.228419298583175,0.009334629097744185,0.5794719978122502,2026-02-13 23:00:00,20,t2-combined-3d2333d167
2026-02-14 14:00:00,2026-02-14 20:00:00,2,0.19961657144229383,0.009282276350650237,0.4948114300993856,2026-02-13 23:00:00,21,t2-combined-3d2333d167
2026-02-14 15:00:00,2026-02-14 21:00:00,2,0.17323304158590064,0.011037861626554929,0.42987944472429945,2026-02-13 23:00:00,22,t2-combined-3d2333d167
2026-02-14 16:00:00,2026-02-14 22:00:00,2,0.14545642872227244,0.0055093403915372485,0.3996302704460558,2026-02-13 23:00:00,23,t2-combined-3d2333d167
2026-02-14 17:00:00,2026-02-14 23:00:00,2,0.08295413746587244,0.006227452837011177,0.23953849647088035,2026-02-13 23:00:00,24,t2-combined-3d2333d167
2026-02-14 18:00:00,2026-02-15 00:00:00,2,0.014253153545089131,0.008248016552244915,0.1135851133143777,2026-02-14 23:00:00,1,t2-combined-3d2333d167
2026-02-14 19:00:00,2026-02-15 01:00:00,2,0.011129513067146673,0.008429481054553305,0.05062819948683229,2026-02-14 23:00:00,2,t2-combined-3d2333d167
2026-02-14 20:00:00,2026-02-15 02:00:00,2,0.010864312229382098,0.008533655976476217,0.044379236650840065,2026-02-14 23:00:00,3,t2-combined-3d2333d167
2026-02-14 21:00:00,2026-02-15 03:00:00,2,0.01725720028494643,0.008157005048850786,0.09368960259488095,2026-02-14 23:00:00,4,t2-combined-3d2333d167
2026-02-14 22:00:00,2026-02-15 04:00:00,2,0.03174421108150273,0.00817059963313405,0.15119650804309642,2026-02-14 23:00:00,5,t2-combined-3d2333d167
2026-02-14 23:00:00,2026-02-15 05:00:00,2,0.045945674344658564,0.00714686384882484,0.24904948169939456,2026-02-14 23:00:00,6,t2-combined-3d2333d167
2026-02-15 00:00:00,2026-02-15 06:00:00,2,0.12230920512764122,0.008020354791393625,0.4035711681770883,2026-02-14 23:00:00,7,t2-combined-3d2333d167
2026-02-15 01:00:00,2026-02-15 07:00:00,2,0.19619058870819323,0.026675847195070795,0.6543599635193269,2026-02-14 23:00:00,8,t2-combined-3d2333d167
2026-02-15 02:00:00,2026-02-15 08:00:00,2,0.25689153203067294,0.09349633260803789,0.858802018163844,2026-02-14 23:00:00,9,t2-combined-3d2333d167
2026-02-15 03:00:00,2026-02-15 09:00:00,2,0.5302791649759809,0.12805191918016223,0.9683014518916853,2026-02-14 23:00:00,10,t2-combined-3d2333d167
2026-02-15 04:00:00,2026-02-15 10:00:00,2,0.6863114108283597,0.32924576836284675,0.9835240796450121,2026-02-14 23:00:00,11,t2-combined-3d2333d167
2026-02-15 05:00:00,2026-02-15 11:00:00,2,0.9341450366510078,0.5342687600937585,0.975888473531347,2026-02-14 23:00:00,12,t2-combined-3d2333d167
2026-02-15 06:00:00,2026-02-15 12:00:00,2,0.9592470085525926,0.7132089983769966,0.975123041281875,2026-02-14 23:00:00,13,t2-combined-3d2333d167
2026-02-15 07:00:00,2026-02-15 13:00:00,2,0.9651657645843366,0.7754521781802571,0.9731545112969375,2026-02-14 23:00:00,14,t2-combined-3d2333d167
2026-02-15 08:00:00,2026-02-15 14:00:00,2,0.9657986486448937,0.6698702468591924,0.9738564194830966,2026-02-14 23:00:00,15,t2-combined-3d2333d167
2026-02-15 09:00:00,2026-02-15 15:00:00,2,0.9621254585711703,0.5844609196586041,0.9746099851135663,2026-02-14 23:00:00,16,t2-combined-3d2333d167
2026-02-15 10:00:00,2026-02-15 16:00:00,2,0.9584949877761154,0.5129136624726334,0.9775131882850165,2026-02-14 23:00:00,17,t2-combined-3d2333d167
2026-02-15 11:00:00,2026-02-15 17:00:00,2,0.9353986878319679,0.4165166359348006,0.9796535376125839,2026-02-14 23:00:00,18,t2-combined-3d2333d167
2026-02-15 12:00:00,2026-02-15 18:00:00,2,0.9209978160144852,0.4621744716139223,0.9817490273200757,2026-02-14 23:00:00,19,t2-combined-3d2333d167
2026-02-15 13:00:00,2026-02-15 19:00:00,2,0.9163018565945361,0.49195299547828497,0.9816376672135131,2026-02-14 23:00:00,20,t2-combined-3d2333d167
2026-02-15 14:00:00,2026-02-15 20:00:00,2,0.9241038512161397,0.4869858203153049,0.9819303448081522,2026-02-14 23:00:00,21,t2-combined-3d2333d167
2026-02-15 15:00:00,2026-02-15 21:00:00,2,0.9210671783651322,0.4028411987383217,0.9811244549707321,2026-02-14 23:00:00,22,t2-combined-3d2333d167
2026-02-15 16:00:00,2026-02-15 22:00:00,2,0.9125943699881496,0.3054306753261211,0.9860288482649633,2026-02-14 23:00:00,23,t2-combined-3d2333d167
2026-02-15 17:00:00,2026-02-15 23:00:00,2,0.8321656058735494,0.25243087637752726,0.9919896304504932,2026-02-14 23:00:00,24,t2-combined-3d2333d167
2026-02-15 18:00:00,2026-02-16 00:00:00,2,0.6431270191050906,0.14804554274570886,0.9697489639579258,2026-02-15 23:00:00,1,t2-combined-3d2333d167
2026-02-15 19:00:00,2026-02-16 01:00:00,2,0.6487694090232291,0.17155949996583286,0.9730979448856486,2026-02-15 23:00:00,2,t2-combined-3d2333d167
2026-02-15 20:00:00,2026-02-16 02:00:00,2,0.654991620474053,0.18188744966617876,0.9838121712403424,2026-02-15 23:00:00,3,t2-combined-3d2333d167
2026-02-15 21:00:00,2026-02-16 03:00:00,2,0.6500278655124894,0.16132573099205855,0.9897163698148175,2026-02-15 23:00:00,4,t2-combined-3d2333d167
2026-02-15 22:00:00,2026-02-16 04:00:00,2,0.6608799823385779,0.18153470515339304,0.9809334289378349,2026-02-15 23:00:00,5,t2-combined-3d2333d167
2026-02-15 23:00:00,2026-02-16 05:00:00,2,0.7475414538103247,0.18808690626610958,0.9845941530086553,2026-02-15 23:00:00,6,t2-combined-3d2333d167
2026-02-16 00:00:00,2026-02-16 06:00:00,2,0.7616720505730525,0.18107113074272085,0.9840499496004097,2026-02-15 23:00:00,7,t2-combined-3d2333d167
2026-02-16 01:00:00,2026-02-16 07:00:00,2,0.757150137104476,0.1772658869028031,0.9803918428467561,2026-02-15 23:00:00,8,t2-combined-3d2333d167
2026-02-16 02:00:00,2026-02-16 08:00:00,2,0.7758078273967113,0.17669529907989057,0.981777187336246,2026-02-15 23:00:00,9,t2-combined-3d2333d167
2026-02-16 03:00:00,2026-02-16 09:00:00,2,0.7370804403489919,0.16036362664728465,0.9723140385499779,2026-02-15 23:00:00,10,t2-combined-3d2333d167
2026-02-16 04:00:00,2026-02-16 10:00:00,2,0.746056764783082,0.14525177626401242,0.9798328782167001,2026-02-15 23:00:00,11,t2-combined-3d2333d167
2026-02-16 05:00:00,2026-02-16 11:00:00,2,0.86458994051333,0.23003033531133277,0.9904810169989041,2026-02-15 23:00:00,12,t2-combined-3d2333d167
2026-02-16 06:00:00,2026-02-16 12:00:00,2,0.921918909644837,0.25227832864056,0.990016956877931,2026-02-15 23:00:00,13,t2-combined-3d2333d167
2026-02-16 07:00:00,2026-02-16 13:00:00,2,0.9082494600724405,0.22474031795764782,0.9871060888060517,2026-02-15 23:00:00,14,t2-combined-3d2333d167
2026-02-16 08:00:00,2026-02-16 14:00:00,2,0.9049807113844643,0.22161282075747712,0.983773262343014,2026-02-15 23:00:00,15,t2-combined-3d2333d167
2026-02-16 09:00:00,2026-02-16 15:00:00,2,0.8780674442920673,0.16836023061172456,0.9937228112544041,2026-02-15 23:00:00,16,t2-combined-3d2333d167
2026-02-16 10:00:00,2026-02-16 16:00:00,2,0.8083494978287948,0.11923069717326462,0.9860769526539718,2026-02-15 23:00:00,17,t2-combined-3d2333d167
2026-02-16 11:00:00,2026-02-16 17:00:00,2,0.7583506215764924,0.1541944041381086,0.9996861835859165,2026-02-15 23:00:00,18,t2-combined-3d2333d167
2026-02-16 12:00:00,2026-02-16 18:00:00,2,0.667493904774547,0.12134297442933895,0.9852076454586227,2026-02-15 23:00:00,19,t2-combined-3d2333d167
2026-02-16 13:00:00,2026-02-16 19:00:00,2,0.6930141792925476,0.12562177848699452,0.9957207557376364,2026-02-15 23:00:00,20,t2-combined-3d2333d167
2026-02-16 14:00:00,2026-02-16 20:00:00,2,0.6874721728459008,0.11329601288713376,0.9817045733470469,2026-02-15 23:00:00,21,t2-combined-3d2333d167
2026-02-16 15:00:00,2026-02-16 21:00:00,2,0.7372518658443976,0.14582768501496102,0.994329857475128,2026-02-15 23:00:00,22,t2-combined-3d2333d167
2026-02-16 16:00:00,2026-02-16 22:00:00,2,0.7070817288211333,0.13272890829219253,0.9959395358869056,2026-02-15 23:00:00,23,t2-combined-3d2333d167
2026-02-16 17:00:00,2026-02-16 23:00:00,2,0.6678818418716026,0.1548625334638517,0.9962805004278756,2026-02-15 23:00:00,24,t2-combined-3d2333d167
2026-02-16 18:00:00,2026-02-17 00:00:00,2,0.5121455203868278,0.08210415226012685,0.9276400266881284,2026-02-16 23:00:00,1,t2-combined-3d2333d167
2026-02-16 19:00:00,2026-02-17 01:00:00,2,0.49237115034915035,0.06296139312018251,0.9408133464708004,2026-02-16 23:00:00,2,t2-combined-3d2333d167
2026-02-16 20:00:00,2026-02-17 02:00:00,2,0.4924152643636057,0.04691501715771551,0.9438771031998979,2026-02-16 23:00:00,3,t2-combined-3d2333d167
2026-02-16 21:00:00,2026-02-17 03:00:00,2,0.3915656042544089,0.04674338383362597,0.9533924014902334,2026-02-16 23:00:00,4,t2-combined-3d2333d167
2026-02-16 22:00:00,2026-02-17 04:00:00,2,0.32564279960994147,0.01824305426761247,0.8998632656664226,2026-02-16 23:00:00,5,t2-combined-3d2333d167
2026-02-16 23:00:00,2026-02-17 05:00:00,2,0.15377225130742542,0.0034984176527756428,0.6857653049267909,2026-02-16 23:00:00,6,t2-combined-3d2333d167
2026-02-17 00:00:00,2026-02-17 06:00:00,2,0.10007763275205447,0.004532359062394242,0.44706907807728247,2026-02-16 23:00:00,7,t2-combined-3d2333d167
2026-02-17 01:00:00,2026-02-17 07:00:00,2,0.08331265779346796,0.0055040800632833176,0.4439186645631772,2026-02-16 23:00:00,8,t2-combined-3d2333d167
2026-02-17 02:00:00,2026-02-17 08:00:00,2,0.08922039627619034,0.005297144166948375,0.43810128542731497,2026-02-16 23:00:00,9,t2-combined-3d2333d167
2026-02-17 03:00:00,2026-02-17 09:00:00,2,0.08253763872900402,0.006068330523364876,0.5006294973566547,2026-02-16 23:00:00,10,t2-combined-3d2333d167
2026-02-17 04:00:00,2026-02-17 10:00:00,2,0.09233148027492419,0.0038343783703383566,0.4599464015396829,2026-02-16 23:00:00,11,t2-combined-3d2333d167
2026-02-17 05:00:00,2026-02-17 11:00:00,2,0.08629928921384765,0.004158976972118172,0.38830374551692504,2026-02-16 23:00:00,12,t2-combined-3d2333d167
2026-02-17 06:00:00,2026-02-17 12:00:00,2,0.09565371073837864,0.003925094110805757,0.3577742089060799,2026-02-16 23:00:00,13,t2-combined-3d2333d167
2026-02-17 07:00:00,2026-02-17 13:00:00,2,0.11980336586808746,0.003982427815728495,0.4185721030475056,2026-02-16 23:00:00,14,t2-combined-3d2333d167
2026-02-17 08:00:00,2026-02-17 14:00:00,2,0.18436628988362458,0.001400575065494264,0.5843447913913276,2026-02-16 23:00:00,15,t2-combined-3d2333d167
2026-02-17 09:00:00,2026-02-17 15:00:00,2,0.2684255613494523,0.0068452979883204534,0.6204303838187442,2026-02-16 23:00:00,16,t2-combined-3d2333d167
2026-02-17 10:00:00,2026-02-17 16:00:00,2,0.29693191959504195,0.025218399037552075,0.7799766666537473,2026-02-16 23:00:00,17,t2-combined-3d2333d167
2026-02-17 11:00:00,2026-02-17 17:00:00,2,0.48077485208142023,0.09719450679363456,0.9192557494320608,2026-02-16 23:00:00,18,t2-combined-3d2333d167
2026-02-17 12:00:00,2026-02-17 18:00:00,2,0.7303581019970735,0.12318828801669024,1.0,2026-02-16 23:00:00,19,t2-combined-3d2333d167
2026-02-17 13:00:00,2026-02-17 19:00:00,2,0.7379619579140875,0.22593041339016096,1.0,2026-02-16 23:00:00,20,t2-combined-3d2333d167
2026-02-17 14:00:00,2026-02-17 20:00:00,2,0.7544872734118607,0.26239984706235053,0.9998341420803866,2026-02-16 23:00:00,21,t2-combined-3d2333d167
2026-02-17 15:00:00,2026-02-17 21:00:00,2,0.7469074522373749,0.2405664514717678,0.9973144303868655,2026-02-16 23:00:00,22,t2-combined-3d2333d167
2026-02-17 16:00:00,2026-02-17 22:00:00,2,0.7595815060409383,0.2985496242635649,0.996830938221801,2026-02-16 23:00:00,23,t2-combined-3d2333d167
2026-02-17 17:00:00,2026-02-17 23:00:00,2,0.7707505138525352,0.42003189004085884,0.9987750935868915,2026-02-16 23:00:00,24,t2-combined-3d2333d167
2026-02-17 18:00:00,2026-02-18 00:00:00,2,0.7208838696701609,0.32850793599338457,0.9759766749668615,2026-02-17 23:00:00,1,t2-combined-3d2333d167
2026-02-17 19:00:00,2026-02-18 01:00:00,2,0.7493128035369692,0.3858690930262662,0.9807938841451145,2026-02-17 23:00:00,2,t2-combined-3d2333d167
2026-02-17 20:00:00,2026-02-18 02:00:00,2,0.7575337713017738,0.3674146933134383,0.9798977427350293,2026-02-17 23:00:00,3,t2-combined-3d2333d167
2026-02-17 21:00:00,2026-02-18 03:00:00,2,0.7322271386029695,0.32624588930205545,0.9826702707546253,2026-02-17 23:00:00,4,t2-combined-3d2333d167
2026-02-17 22:00:00,2026-02-18 04:00:00,2,0.7609687100909173,0.3208463225271779,0.9772747010505398,2026-02-17 23:00:00,5,t2-combined-3d2333d167
2026-02-17 23:00:00,2026-02-18 05:00:00,2,0.7702259840039566,0.3249440906355692,0.9843301562751994,2026-02-17 23:00:00,6,t2-combined-3d2333d167
2026-02-18 00:00:00,2026-02-18 06:00:00,2,0.7953895303810368,0.2561702180247871,0.9823430851584781,2026-02-17 23:00:00,7,t2-combined-3d2333d167
2026-02-18 01:00:00,2026-02-18 07:00:00,2,0.8258134149212435,0.35507531620939126,0.9834758782269906,2026-02-17 23:00:00,8,t2-combined-3d2333d167
2026-02-18 02:00:00,2026-02-18 08:00:00,2,0.9088185988085637,0.4597135762951909,0.977609205678219,2026-02-17 23:00:00,9,t2-combined-3d2333d167
2026-02-18 03:00:00,2026-02-18 09:00:00,2,0.9434449472261985,0.5695532491590003,0.9734081847518234,2026-02-17 23:00:00,10,t2-combined-3d2333d167
2026-02-18 04:00:00,2026-02-18 10:00:00,2,0.9693718809831717,0.6879405270192489,0.9748421710599207,2026-02-17 23:00:00,11,t2-combined-3d2333d167
2026-02-18 05:00:00,2026-02-18 11:00:00,2,0.9721712806655548,0.8196155314219726,0.9743661315163434,2026-02-17 23:00:00,12,t2-combined-3d2333d167
2026-02-18 06:00:00,2026-02-18 12:00:00,2,0.9715857789061664,0.8881092691038559,0.9756012635555991,2026-02-17 23:00:00,13,t2-combined-3d2333d167
2026-02-18 07:00:00,2026-02-18 13:00:00,2,0.9722467101513373,0.827804867077343,0.9748301259932781,2026-02-17 23:00:00,14,t2-combined-3d2333d167
2026-02-18 08:00:00,2026-02-18 14:00:00,2,0.9710179596062296,0.8058475169851917,0.9747611333004789,2026-02-17 23:00:00,15,t2-combined-3d2333d167
2026-02-18 09:00:00,2026-02-18 15:00:00,2,0.9717980975027418,0.8143141354925701,0.9743378674823244,2026-02-17 23:00:00,16,t2-combined-3d2333d167
2026-02-18 10:00:00,2026-02-18 16:00:00,2,0.9700329276257355,0.7995691609812073,0.9729390441201544,2026-02-17 23:00:00,17,t2-combined-3d2333d167
2026-02-18 11:00:00,2026-02-18 17:00:00,2,0.9556217741217838,0.5538813782329083,0.9755546674060102,2026-02-17 23:00:00,18,t2-combined-3d2333d167
2026-02-18 12:00:00,2026-02-18 18:00:00,2,0.8708604135240798,0.26341208768417523,0.9836677255619181,2026-02-17 23:00:00,19,t2-combined-3d2333d167
2026-02-18 13:00:00,2026-02-18 19:00:00,2,0.8388719199955234,0.26863372455024415,0.9803373631817727,2026-02-17 23:00:00,20,t2-combined-3d2333d167
2026-02-18 14:00:00,2026-02-18 20:00:00,2,0.8032265256635109,0.30943882167152753,0.9892258111371254,2026-02-17 23:00:00,21,t2-combined-3d2333d167
2026-02-18 15:00:00,2026-02-18 21:00:00,2,0.7394190395032871,0.27846542954668385,0.9885463990633041,2026-02-17 23:00:00,22,t2-combined-3d2333d167
2026-02-18 16:00:00,2026-02-18 22:00:00,2,0.6690783919697538,0.1923870682257704,0.9854974900439473,2026-02-17 23:00:00,23,t2-combined-3d2333d167
2026-02-18 17:00:00,2026-02-18 23:00:00,2,0.6456215247442335,0.15583423566387578,0.997101147110598,2026-02-17 23:00:00,24,t2-combined-3d2333d167
2026-02-18 18:00:00,2026-02-19 00:00:00,2,0.6352200906902196,0.1674179073190623,0.9926130920687753,2026-02-18 23:00:00,1,t2-combined-3d2333d167
2026-02-18 19:00:00,2026-02-19 01:00:00,2,0.6006964646019094,0.1293830436849675,1.0,2026-02-18 23:00:00,2,t2-combined-3d2333d167
2026-02-18 20:00:00,2026-02-19 02:00:00,2,0.6590919703730871,0.1489404571317976,1.0,2026-02-18 23:00:00,3,t2-combined-3d2333d167
2026-02-18 21:00:00,2026-02-19 03:00:00,2,0.6212245106224558,0.1325659707145882,0.9989476383459545,2026-02-18 23:00:00,4,t2-combined-3d2333d167
2026-02-18 22:00:00,2026-02-19 04:00:00,2,0.5787804761895026,0.09710918897357196,0.9917363466279829,2026-02-18 23:00:00,5,t2-combined-3d2333d167
2026-02-18 23:00:00,2026-02-19 05:00:00,2,0.4881900112315974,0.06871865638948732,1.0,2026-02-18 23:00:00,6,t2-combined-3d2333d167
2026-02-19 00:00:00,2026-02-19 06:00:00,2,0.3312336230811057,0.04065874892760735,0.9282765919240712,2026-02-18 23:00:00,7,t2-combined-3d2333d167
2026-02-19 01:00:00,2026-02-19 07:00:00,2,0.279595189214,0.015326975024726186,0.9210916770605082,2026-02-18 23:00:00,8,t2-combined-3d2333d167
2026-02-19 02:00:00,2026-02-19 08:00:00,2,0.23465027757813386,0.016923029873695178,0.8498704606819634,2026-02-18 23:00:00,9,t2-combined-3d2333d167
2026-02-19 03:00:00,2026-02-19 09:00:00,2,0.1953600711291143,0.014163159769169986,0.8024662166356031,2026-02-18 23:00:00,10,t2-combined-3d2333d167
2026-02-19 04:00:00,2026-02-19 10:00:00,2,0.2163143357985013,0.014552863977085578,0.8416903469790593,2026-02-18 23:00:00,11,t2-combined-3d2333d167
2026-02-19 05:00:00,2026-02-19 11:00:00,2,0.2614013876434399,0.011992274523807633,0.8055612361561536,2026-02-18 23:00:00,12,t2-combined-3d2333d167
2026-02-19 06:00:00,2026-02-19 12:00:00,2,0.2688894099699071,0.01037487957493105,0.7838361726951717,2026-02-18 23:00:00,13,t2-combined-3d2333d167
2026-02-19 07:00:00,2026-02-19 13:00:00,2,0.28726916287761645,0.016821146336676307,0.7449687595252862,2026-02-18 23:00:00,14,t2-combined-3d2333d167
2026-02-19 08:00:00,2026-02-19 14:00:00,2,0.29007874956612373,0.01589084856436257,0.8231744164059531,2026-02-18 23:00:00,15,t2-combined-3d2333d167
2026-02-19 09:00:00,2026-02-19 15:00:00,2,0.25558561700545696,0.0014255416675930666,0.8099863272306003,2026-02-18 23:00:00,16,t2-combined-3d2333d167
2026-02-19 10:00:00,2026-02-19 16:00:00,2,0.21861349308805703,0.003936515503755816,0.6393559699654877,2026-02-18 23:00:00,17,t2-combined-3d2333d167
2026-02-19 11:00:00,2026-02-19 17:00:00,2,0.15340341212346048,0.004051525395221661,0.6212718152743948,2026-02-18 23:00:00,18,t2-combined-3d2333d167
2026-02-19 12:00:00,2026-02-19 18:00:00,2,0.13700307190116182,0.004052386583213663,0.5372542864095098,2026-02-18 23:00:00,19,t2-combined-3d2333d167
2026-02-19 13:00:00,2026-02-19 19:00:00,2,0.09431369944233683,0.006531992810079573,0.4269580616018148,2026-02-18 23:00:00,20,t2-combined-3d2333d167
2026-02-19 14:00:00,2026-02-19 20:00:00,2,0.08580561406030249,0.006639119670775587,0.45307522433167857,2026-02-18 23:00:00,21,t2-combined-3d2333d167
2026-02-19 15:00:00,2026-02-19 21:00:00,2,0.09387278880016804,0.005547184354569384,0.42773710542638527,2026-02-18 23:00:00,22,t2-combined-3d2333d167
2026-02-19 16:00:00,2026-02-19 22:00:00,2,0.13473346956167997,0.004941437722215919,0.5567085447032194,2026-02-18 23:00:00,23,t2-combined-3d2333d167
2026-02-19 17:00:00,2026-02-19 23:00:00,2,0.22367749072529403,0.029446610542280066,0.6551983606775076,2026-02-18 23:00:00,24,t2-combined-3d2333d167
2026-02-19 18:00:00,2026-02-20 00:00:00,2,0.17277361159250204,0.0059743058838089,0.7364613970715157,2026-02-19 23:00:00,1,t2-combined-3d2333d167
2026-02-19 19:00:00,2026-02-20 01:00:00,2,0.21173530125399265,0.006766528689140627,0.7980055565008197,2026-02-19 23:00:00,2,t2-combined-3d2333d167
2026-02-19 20:00:00,2026-02-20 02:00:00,2,0.25592842335744875,0.03424916566866415,0.8027307845517009,2026-02-19 23:00:00,3,t2-combined-3d2333d167
2026-02-19 21:00:00,2026-02-20 03:00:00,2,0.2900403889779178,0.05543694859466605,0.8276950022861984,2026-02-19 23:00:00,4,t2-combined-3d2333d167
2026-02-19 22:00:00,2026-02-20 04:00:00,2,0.3382832551472072,0.08444981974518018,0.8340340594674468,2026-02-19 23:00:00,5,t2-combined-3d2333d167
2026-02-19 23:00:00,2026-02-20 05:00:00,2,0.3965466814026998,0.08734615872850127,0.9153609015820348,2026-02-19 23:00:00,6,t2-combined-3d2333d167
2026-02-20 00:00:00,2026-02-20 06:00:00,2,0.4988254927609217,0.13925355632359082,0.9323040616648293,2026-02-19 23:00:00,7,t2-combined-3d2333d167
2026-02-20 01:00:00,2026-02-20 07:00:00,2,0.5490428866439542,0.15262573002957924,0.9724467227716896,2026-02-19 23:00:00,8,t2-combined-3d2333d167
2026-02-20 02:00:00,2026-02-20 08:00:00,2,0.4669548312834534,0.10477993657105344,0.9454088649621926,2026-02-19 23:00:00,9,t2-combined-3d2333d167
2026-02-20 03:00:00,2026-02-20 09:00:00,2,0.3795068631583555,0.054060961133149565,0.9126645343547322,2026-02-19 23:00:00,10,t2-combined-3d2333d167
2026-02-20 04:00:00,2026-02-20 10:00:00,2,0.3170589168723996,0.03714853696849152,0.8091719517151816,2026-02-19 23:00:00,11,t2-combined-3d2333d167
2026-02-20 05:00:00,2026-02-20 11:00:00,2,0.23139313397531353,0.026497337157112166,0.7822684844332883,2026-02-19 23:00:00,12,t2-combined-3d2333d167
2026-02-20 06:00:00,2026-02-20 12:00:00,2,0.18823870234887652,0.013758507264277797,0.6834602873290454,2026-02-19 23:00:00,13,t2-combined-3d2333d167
2026-02-20 07:00:00,2026-02-20 13:00:00,2,0.1698728739251362,0.004232985740990791,0.6758823017902894,2026-02-19 23:00:00,14,t2-combined-3d2333d167
2026-02-20 08:00:00,2026-02-20 14:00:00,2,0.1504401192016819,0.004987759827792981,0.6160634742756599,2026-02-19 23:00:00,15,t2-combined-3d2333d167
2026-02-20 09:00:00,2026-02-20 15:00:00,2,0.11497639635708137,0.004203320390168963,0.43832814780729146,2026-02-19 23:00:00,16,t2-combined-3d2333d167
2026-02-20 10:00:00,2026-02-20 16:00:00,2,0.0831074120897444,0.00551354869054882,0.3134470792415984,2026-02-19 23:00:00,17,t2-combined-3d2333d167
2026-02-20 11:00:00,2026-02-20 17:00:00,2,0.06759671682157442,0.0070228085720230385,0.29949004955083913,2026-02-19 23:00:00,18,t2-combined-3d2333d167
2026-02-20 12:00:00,2026-02-20 18:00:00,2,0.13249788290668912,0.0032285546602742188,0.7465055816213728,2026-02-19 23:00:00,19,t2-combined-3d2333d167
2026-02-20 13:00:00,2026-02-20 19:00:00,2,0.20800055093454964,0.010149445047984235,0.9348307682405058,2026-02-19 23:00:00,20,t2-combined-3d2333d167
2026-02-20 14:00:00,2026-02-20 20:00:00,2,0.43705641693627945,0.06416343469741975,1.0,2026-02-19 23:00:00,21,t2-combined-3d2333d167
2026-02-20 15:00:00,2026-02-20 21:00:00,2,0.6902409845974629,0.1811015858699857,0.9875685913464203,2026-02-19 23:00:00,22,t2-combined-3d2333d167
2026-02-20 16:00:00,2026-02-20 22:00:00,2,0.8243690221070397,0.19006141060192328,0.988629117967559,2026-02-19 23:00:00,23,t2-combined-3d2333d167
2026-02-20 17:00:00,2026-02-20 23:00:00,2,0.8176789013896035,0.22206247518176347,0.9830068404303847,2026-02-19 23:00:00,24,t2-combined-3d2333d167
2026-02-20 18:00:00,2026-02-21 00:00:00,2,0.8087381183056294,0.31620520422989945,0.9485229238128943,2026-02-20 23:00:00,1,t2-combined-3d2333d167
2026-02-20 19:00:00,2026-02-21 01:00:00,2,0.7846613233579939,0.3047995186076779,0.9571799389649965,2026-02-20 23:00:00,2,t2-combined-3d2333d167
2026-02-20 20:00:00,2026-02-21 02:00:00,2,0.6793934068340666,0.22751410969754743,0.9481972521435096,2026-02-20 23:00:00,3,t2-combined-3d2333d167
2026-02-20 21:00:00,2026-02-21 03:00:00,2,0.6504786343535314,0.16438352567457076,0.9305702774350612,2026-02-20 23:00:00,4,t2-combined-3d2333d167
2026-02-20 22:00:00,2026-02-21 04:00:00,2,0.5992203185657414,0.16015581830655795,0.9364791531945238,2026-02-20 23:00:00,5,t2-combined-3d2333d167
2026-02-20 23:00:00,2026-02-21 05:00:00,2,0.530366322888322,0.15008182550483268,0.9398153744659474,2026-02-20 23:00:00,6,t2-combined-3d2333d167
2026-02-21 00:00:00,2026-02-21 06:00:00,2,0.40605811351934223,0.0782942167569689,0.9277839316201304,2026-02-20 23:00:00,7,t2-combined-3d2333d167
2026-02-21 01:00:00,2026-02-21 07:00:00,2,0.30447695946261333,0.034122498705436044,0.9086622789395344,2026-02-20 23:00:00,8,t2-combined-3d2333d167
2026-02-21 02:00:00,2026-02-21 08:00:00,2,0.21944522624984902,0.011970291793642424,0.8388623963261415,2026-02-20 23:00:00,9,t2-combined-3d2333d167
2026-02-21 03:00:00,2026-02-21 09:00:00,2,0.1751133984444173,0.002528445015193531,0.6927548591456746,2026-02-20 23:00:00,10,t2-combined-3d2333d167
2026-02-21 04:00:00,2026-02-21 10:00:00,2,0.15596831336935466,0.004494653079482602,0.7508486876425093,2026-02-20 23:00:00,11,t2-combined-3d2333d167
2026-02-21 05:00:00,2026-02-21 11:00:00,2,0.3430268897164811,0.040495915971065444,0.9181539047965842,2026-02-20 23:00:00,12,t2-combined-3d2333d167
2026-02-21 06:00:00,2026-02-21 12:00:00,2,0.7354228332658403,0.23727359680408505,0.978350202126,2026-02-20 23:00:00,13,t2-combined-3d2333d167
2026-02-21 07:00:00,2026-02-21 13:00:00,2,0.9206372466011068,0.5059195487771718,0.9818180381749406,2026-02-20 23:00:00,14,t2-combined-3d2333d167
2026-02-21 08:00:00,2026-02-21 14:00:00,2,0.954014654992722,0.4629273466250383,0.9761696585915229,2026-02-20 23:00:00,15,t2-combined-3d2333d167
2026-02-21 09:00:00,2026-02-21 15:00:00,2,0.9414094686549919,0.4022400272791583,0.974074668995981,2026-02-20 23:00:00,16,t2-combined-3d2333d167
2026-02-21 10:00:00,2026-02-21 16:00:00,2,0.7331816691773256,0.1409317458826117,0.9857578963360136,2026-02-20 23:00:00,17,t2-combined-3d2333d167
2026-02-21 11:00:00,2026-02-21 17:00:00,2,0.5477993736517428,0.14960004990804643,0.9187107255733321,2026-02-20 23:00:00,18,t2-combined-3d2333d167
2026-02-21 12:00:00,2026-02-21 18:00:00,2,0.40500756446877517,0.06762840748173138,0.8595217450815671,2026-02-20 23:00:00,19,t2-combined-3d2333d167
2026-02-21 13:00:00,2026-02-21 19:00:00,2,0.3898369739755002,0.06136462695743533,0.7950529263691275,2026-02-20 23:00:00,20,t2-combined-3d2333d167
2026-02-21 14:00:00,2026-02-21 20:00:00,2,0.4637747992103929,0.14836317318534525,0.9173941412755261,2026-02-20 23:00:00,21,t2-combined-3d2333d167
2026-02-21 15:00:00,2026-02-21 21:00:00,2,0.4642679948125672,0.09163297539676413,0.949928381019932,2026-02-20 23:00:00,22,t2-combined-3d2333d167
2026-02-21 16:00:00,2026-02-21 22:00:00,2,0.5081904995438962,0.04571173004520479,0.9656665762242118,2026-02-20 23:00:00,23,t2-combined-3d2333d167
2026-02-21 17:00:00,2026-02-21 23:00:00,2,0.44197830975609315,0.06573605781293496,0.9516498550494688,2026-02-20 23:00:00,24,t2-combined-3d2333d167
2026-02-21 18:00:00,2026-02-22 00:00:00,2,0.0921076979208437,0.005543652062617116,0.32571232259312705,2026-02-21 23:00:00,1,t2-combined-3d2333d167
2026-02-21 19:00:00,2026-02-22 01:00:00,2,0.07597164231469601,0.006230230575104842,0.1924139583259488,2026-02-21 23:00:00,2,t2-combined-3d2333d167
2026-02-21 20:00:00,2026-02-22 02:00:00,2,0.04900390104402548,0.007445061811260888,0.1761534808342357,2026-02-21 23:00:00,3,t2-combined-3d2333d167
2026-02-21 21:00:00,2026-02-22 03:00:00,2,0.022713390637876148,0.008089306742037812,0.15990412758733527,2026-02-21 23:00:00,4,t2-combined-3d2333d167
2026-02-21 22:00:00,2026-02-22 04:00:00,2,0.01300444464972824,0.008601723803155995,0.06318774203426378,2026-02-21 23:00:00,5,t2-combined-3d2333d167
2026-02-21 23:00:00,2026-02-22 05:00:00,2,0.010599689692497184,0.008732180562291773,0.04961817836905377,2026-02-21 23:00:00,6,t2-combined-3d2333d167
2026-02-22 00:00:00,2026-02-22 06:00:00,2,0.016205629111370252,0.008269246403801403,0.09311112270985333,2026-02-21 23:00:00,7,t2-combined-3d2333d167
2026-02-22 01:00:00,2026-02-22 07:00:00,2,0.04941980419171035,0.007092384896784237,0.257399147245728,2026-02-21 23:00:00,8,t2-combined-3d2333d167
2026-02-22 02:00:00,2026-02-22 08:00:00,2,0.15918575513476335,0.00549446040615964,0.7241502540963325,2026-02-21 23:00:00,9,t2-combined-3d2333d167
2026-02-22 03:00:00,2026-02-22 09:00:00,2,0.25819235039496036,0.02946572854577731,0.9295618618223118,2026-02-21 23:00:00,10,t2-combined-3d2333d167
2026-02-22 04:00:00,2026-02-22 10:00:00,2,0.49785832662548946,0.11834378118683142,0.9858712542124046,2026-02-21 23:00:00,11,t2-combined-3d2333d167
2026-02-22 05:00:00,2026-02-22 11:00:00,2,0.8230401377680872,0.21479966913332182,0.9859249862489151,2026-02-21 23:00:00,12,t2-combined-3d2333d167
2026-02-22 06:00:00,2026-02-22 12:00:00,2,0.8745377426582563,0.34198669027850914,0.9745686054216576,2026-02-21 23:00:00,13,t2-combined-3d2333d167
2026-02-22 07:00:00,2026-02-22 13:00:00,2,0.9263437969421839,0.47220856921889176,0.9718864111467366,2026-02-21 23:00:00,14,t2-combined-3d2333d167
2026-02-22 08:00:00,2026-02-22 14:00:00,2,0.9536167194426154,0.4965116909897652,0.971777119813784,2026-02-21 23:00:00,15,t2-combined-3d2333d167
2026-02-22 09:00:00,2026-02-22 15:00:00,2,0.9494919604493579,0.42311423661274605,0.9726830466212597,2026-02-21 23:00:00,16,t2-combined-3d2333d167
2026-02-22 10:00:00,2026-02-22 16:00:00,2,0.9298472007859806,0.35343045668255857,0.9780262107469523,2026-02-21 23:00:00,17,t2-combined-3d2333d167
2026-02-22 11:00:00,2026-02-22 17:00:00,2,0.8778831700995237,0.2179467695798314,0.9820389279148555,2026-02-21 23:00:00,18,t2-combined-3d2333d167
2026-02-22 12:00:00,2026-02-22 18:00:00,2,0.7232347442866613,0.1551357906968962,0.9964864391192616,2026-02-21 23:00:00,19,t2-combined-3d2333d167
2026-02-22 13:00:00,2026-02-22 19:00:00,2,0.5622949747945425,0.09005396810138117,0.981643560661891,2026-02-21 23:00:00,20,t2-combined-3d2333d167
2026-02-22 14:00:00,2026-02-22 20:00:00,2,0.4575733956108531,0.061663422295328674,0.926367638649066,2026-02-21 23:00:00,21,t2-combined-3d2333d167
2026-02-22 15:00:00,2026-02-22 21:00:00,2,0.2961995901078116,0.035420078419080514,0.860624018681139,2026-02-21 23:00:00,22,t2-combined-3d2333d167
2026-02-22 16:00:00,2026-02-22 22:00:00,2,0.2234804047776966,0.02264345877043425,0.7863315359464651,2026-02-21 23:00:00,23,t2-combined-3d2333d167
2026-02-22 17:00:00,2026-02-22 23:00:00,2,0.2615367771243535,0.006958917155314381,0.8120079609175009,2026-02-21 23:00:00,24,t2-combined-3d2333d167
2026-02-22 18:00:00,2026-02-23 00:00:00,2,0.1000717056681326,0.005617315654265917,0.38909633263394205,2026-02-22 23:00:00,1,t2-combined-3d2333d167
2026-02-22 19:00:00,2026-02-23 01:00:00,2,0.07643770646773068,0.005719944837089486,0.37125714883367017,2026-02-22 23:00:00,2,t2-combined-3d2333d167
2026-02-22 20:00:00,2026-02-23 02:00:00,2,0.048372079952290134,0.007252915364635855,0.3032565597761303,2026-02-22 23:00:00,3,t2-combined-3d2333d167
2026-02-22 21:00:00,2026-02-23 03:00:00,2,0.03896409496115075,0.007561181394958427,0.2328300239568917,2026-02-22 23:00:00,4,t2-combined-3d2333d167
2026-02-22 22:00:00,2026-02-23 04:00:00,2,0.02860326872376729,0.00763100100425709,0.2259498742836601,2026-02-22 23:00:00,5,t2-combined-3d2333d167
2026-02-22 23:00:00,2026-02-23 05:00:00,2,0.014942018354477811,0.008385146049155745,0.21035690011414843,2026-02-22 23:00:00,6,t2-combined-3d2333d167
2026-02-23 00:00:00,2026-02-23 06:00:00,2,0.01521823268548836,0.008222100412219708,0.19120328951899376,2026-02-22 23:00:00,7,t2-combined-3d2333d167
2026-02-23 01:00:00,2026-02-23 07:00:00,2,0.0168204244439591,0.008248055483919502,0.21008111568037824,2026-02-22 23:00:00,8,t2-combined-3d2333d167
2026-02-23 02:00:00,2026-02-23 08:00:00,2,0.019957222008879096,0.008010154530944879,0.21305502274277377,2026-02-22 23:00:00,9,t2-combined-3d2333d167
2026-02-23 03:00:00,2026-02-23 09:00:00,2,0.03282693161395085,0.007777494128365335,0.2128426593944015,2026-02-22 23:00:00,10,t2-combined-3d2333d167
2026-02-23 04:00:00,2026-02-23 10:00:00,2,0.050946733390793926,0.007054880425916996,0.21775063435527955,2026-02-22 23:00:00,11,t2-combined-3d2333d167
2026-02-23 05:00:00,2026-02-23 11:00:00,2,0.10039675238739226,0.00586960581623297,0.3890059607245834,2026-02-22 23:00:00,12,t2-combined-3d2333d167
2026-02-23 06:00:00,2026-02-23 12:00:00,2,0.19390364417923478,0.003409557636039978,0.48366581590652646,2026-02-22 23:00:00,13,t2-combined-3d2333d167
2026-02-23 07:00:00,2026-02-23 13:00:00,2,0.32121009656877264,0.016597375574742113,0.770848712786112,2026-02-22 23:00:00,14,t2-combined-3d2333d167
2026-02-23 08:00:00,2026-02-23 14:00:00,2,0.4031923508959947,0.07351943526535365,0.9017089406042089,2026-02-22 23:00:00,15,t2-combined-3d2333d167
2026-02-23 09:00:00,2026-02-23 15:00:00,2,0.529594887503625,0.08602795038277461,0.9322587186435847,2026-02-22 23:00:00,16,t2-combined-3d2333d167
2026-02-23 10:00:00,2026-02-23 16:00:00,2,0.5868647855365101,0.0836640791677814,0.9380161707412137,2026-02-22 23:00:00,17,t2-combined-3d2333d167
2026-02-23 11:00:00,2026-02-23 17:00:00,2,0.64455634738783,0.09049517127119078,0.9532333667242722,2026-02-22 23:00:00,18,t2-combined-3d2333d167
2026-02-23 12:00:00,2026-02-23 18:00:00,2,0.6922558458595032,0.17796114917043038,0.9635260644705297,2026-02-22 23:00:00,19,t2-combined-3d2333d167
2026-02-23 13:00:00,2026-02-23 19:00:00,2,0.7842591255847922,0.25029733366818974,0.9676334005767313,2026-02-22 23:00:00,20,t2-combined-3d2333d167
2026-02-23 14:00:00,2026-02-23 20:00:00,2,0.816424906246376,0.38721183079996296,0.9664102137997165,2026-02-22 23:00:00,21,t2-combined-3d2333d167
2026-02-23 15:00:00,2026-02-23 21:00:00,2,0.886593510055153,0.46556224695897935,0.9675485636631639,2026-02-22 23:00:00,22,t2-combined-3d2333d167
2026-02-23 16:00:00,2026-02-23 22:00:00,2,0.8844621257869453,0.5170684993271841,0.9756642290110072,2026-02-22 23:00:00,23,t2-combined-3d2333d167
2026-02-23 17:00:00,2026-02-23 23:00:00,2,0.9101337743584836,0.5650012814779324,0.9763529280580833,2026-02-22 23:00:00,24,t2-combined-3d2333d167
2026-02-23 18:00:00,2026-02-24 00:00:00,2,0.9428223549896552,0.6963644767995968,0.9750482645622754,2026-02-23 23:00:00,1,t2-combined-3d2333d167
2026-02-23 19:00:00,2026-02-24 01:00:00,2,0.9513355171759004,0.6623071871972506,0.9782117082171574,2026-02-23 23:00:00,2,t2-combined-3d2333d167
2026-02-23 20:00:00,2026-02-24 02:00:00,2,0.9514808679038753,0.5645593735045571,0.9773344742820711,2026-02-23 23:00:00,3,t2-combined-3d2333d167
2026-02-23 21:00:00,2026-02-24 03:00:00,2,0.9252298731919673,0.42538278084118225,0.973884140156454,2026-02-23 23:00:00,4,t2-combined-3d2333d167
2026-02-23 22:00:00,2026-02-24 04:00:00,2,0.8201568614695535,0.35737873621538374,0.9725300052173403,2026-02-23 23:00:00,5,t2-combined-3d2333d167
2026-02-23 23:00:00,2026-02-24 05:00:00,2,0.6869162767024595,0.27356315709433326,0.9763767332753222,2026-02-23 23:00:00,6,t2-combined-3d2333d167
2026-02-24 00:00:00,2026-02-24 06:00:00,2,0.5788162789289217,0.22647997257584013,0.976057679732605,2026-02-23 23:00:00,7,t2-combined-3d2333d167
2026-02-24 01:00:00,2026-02-24 07:00:00,2,0.5723536484128408,0.1659736824160033,0.9746118002290716,2026-02-23 23:00:00,8,t2-combined-3d2333d167
2026-02-24 02:00:00,2026-02-24 08:00:00,2,0.5631732922795917,0.18234517895600444,0.959510210650258,2026-02-23 23:00:00,9,t2-combined-3d2333d167
2026-02-24 03:00:00,2026-02-24 09:00:00,2,0.5334559551550497,0.152600764370392,0.9582017044929968,2026-02-23 23:00:00,10,t2-combined-3d2333d167
2026-02-24 04:00:00,2026-02-24 10:00:00,2,0.5015227815416439,0.17868097231512764,0.9573193267764563,2026-02-23 23:00:00,11,t2-combined-3d2333d167
2026-02-24 05:00:00,2026-02-24 11:00:00,2,0.3935693912208398,0.09710522418211787,0.9219339124436801,2026-02-23 23:00:00,12,t2-combined-3d2333d167
2026-02-24 06:00:00,2026-02-24 12:00:00,2,0.3960101922916786,0.06035113600814168,0.8973932433332574,2026-02-23 23:00:00,13,t2-combined-3d2333d167
2026-02-24 07:00:00,2026-02-24 13:00:00,2,0.40365650088599536,0.065625893987805,0.880764270647517,2026-02-23 23:00:00,14,t2-combined-3d2333d167
2026-02-24 08:00:00,2026-02-24 14:00:00,2,0.420250052601951,0.05520341380047933,0.880193305435212,2026-02-23 23:00:00,15,t2-combined-3d2333d167
2026-02-24 09:00:00,2026-02-24 15:00:00,2,0.417142447256579,0.026426694331180833,0.8516410356714775,2026-02-23 23:00:00,16,t2-combined-3d2333d167
2026-02-24 10:00:00,2026-02-24 16:00:00,2,0.3906531536518799,0.011440322715108309,0.8366588109794789,2026-02-23 23:00:00,17,t2-combined-3d2333d167
2026-02-24 11:00:00,2026-02-24 17:00:00,2,0.3415155339644538,0.01921284575639204,0.836110977425943,2026-02-23 23:00:00,18,t2-combined-3d2333d167
2026-02-24 12:00:00,2026-02-24 18:00:00,2,0.24897828209179146,0.0,0.6680054920501568,2026-02-23 23:00:00,19,t2-combined-3d2333d167
2026-02-24 13:00:00,2026-02-24 19:00:00,2,0.20300418073109322,0.002667373708934162,0.508895694735553,2026-02-23 23:00:00,20,t2-combined-3d2333d167
2026-02-24 14:00:00,2026-02-24 20:00:00,2,0.10043953658628396,0.005194867474229967,0.4480175819588369,2026-02-23 23:00:00,21,t2-combined-3d2333d167
2026-02-24 15:00:00,2026-02-24 21:00:00,2,0.049456562173342794,0.006947492405337957,0.29913761962594426,2026-02-23 23:00:00,22,t2-combined-3d2333d167
2026-02-24 16:00:00,2026-02-24 22:00:00,2,0.03733695862895635,0.007556321384229139,0.22965860722632997,2026-02-23 23:00:00,23,t2-combined-3d2333d167
2026-02-24 17:00:00,2026-02-24 23:00:00,2,0.028839322987636536,0.00784748574690838,0.15418866878133317,2026-02-23 23:00:00,24,t2-combined-3d2333d167
2026-02-24 18:00:00,2026-02-25 00:00:00,2,0.011162050141296712,0.008453762921368227,0.06419640445103178,2026-02-24 23:00:00,1,t2-combined-3d2333d167
2026-02-24 19:00:00,2026-02-25 01:00:00,2,0.011095302271496538,0.008318007334335662,0.055998084559978886,2026-02-24 23:00:00,2,t2-combined-3d2333d167
2026-02-24 20:00:00,2026-02-25 02:00:00,2,0.01282235244829213,0.008131622702631184,0.058835714091965564,2026-02-24 23:00:00,3,t2-combined-3d2333d167
2026-02-24 21:00:00,2026-02-25 03:00:00,2,0.013136392082551518,0.008071855884071513,0.0777177616078281,2026-02-24 23:00:00,4,t2-combined-3d2333d167
2026-02-24 22:00:00,2026-02-25 04:00:00,2,0.016615960239337736,0.007976216153793006,0.1329729844206145,2026-02-24 23:00:00,5,t2-combined-3d2333d167
2026-02-24 23:00:00,2026-02-25 05:00:00,2,0.018388379060290685,0.008622722977339032,0.12248861251988281,2026-02-24 23:00:00,6,t2-combined-3d2333d167
2026-02-25 00:00:00,2026-02-25 06:00:00,2,0.019295062668866297,0.008645965811219375,0.1662347850930263,2026-02-24 23:00:00,7,t2-combined-3d2333d167
2026-02-25 01:00:00,2026-02-25 07:00:00,2,0.022487145837453943,0.009396466447001983,0.2633393860673746,2026-02-24 23:00:00,8,t2-combined-3d2333d167
2026-02-25 02:00:00,2026-02-25 08:00:00,2,0.05551733826867751,0.00786499913850397,0.3041606420702411,2026-02-24 23:00:00,9,t2-combined-3d2333d167
2026-02-25 03:00:00,2026-02-25 09:00:00,2,0.059141482465048544,0.006340029945109682,0.3392324061125102,2026-02-24 23:00:00,10,t2-combined-3d2333d167
2026-02-25 04:00:00,2026-02-25 10:00:00,2,0.04999995638999144,0.0066330076451154366,0.3445099668825704,2026-02-24 23:00:00,11,t2-combined-3d2333d167
2026-02-25 05:00:00,2026-02-25 11:00:00,2,0.03204640163271403,0.007386067560206187,0.18186198483491345,2026-02-24 23:00:00,12,t2-combined-3d2333d167
2026-02-25 06:00:00,2026-02-25 12:00:00,2,0.0302414806058329,0.007395274314668011,0.1800956707265363,2026-02-24 23:00:00,13,t2-combined-3d2333d167
2026-02-25 07:00:00,2026-02-25 13:00:00,2,0.0176473922056868,0.007916843476569695,0.15068904181762144,2026-02-24 23:00:00,14,t2-combined-3d2333d167
2026-02-25 08:00:00,2026-02-25 14:00:00,2,0.012590857246851102,0.00843274619446791,0.09759332062543694,2026-02-24 23:00:00,15,t2-combined-3d2333d167
2026-02-25 09:00:00,2026-02-25 15:00:00,2,0.011396258788030786,0.00852792462058158,0.0852999452720707,2026-02-24 23:00:00,16,t2-combined-3d2333d167
2026-02-25 10:00:00,2026-02-25 16:00:00,2,0.016387520049822708,0.008060213797009027,0.15231285567215602,2026-02-24 23:00:00,17,t2-combined-3d2333d167
2026-02-25 11:00:00,2026-02-25 17:00:00,2,0.05959994131930796,0.006992931538548193,0.23267202717770413,2026-02-24 23:00:00,18,t2-combined-3d2333d167
2026-02-25 12:00:00,2026-02-25 18:00:00,2,0.1202222694618718,0.004529273334985637,0.5152568450633866,2026-02-24 23:00:00,19,t2-combined-3d2333d167
2026-02-25 13:00:00,2026-02-25 19:00:00,2,0.16660584211256135,0.0029063137196838618,0.5510269570429605,2026-02-24 23:00:00,20,t2-combined-3d2333d167
2026-02-25 14:00:00,2026-02-25 20:00:00,2,0.19800469350810718,0.0019579086888214803,0.730487118006012,2026-02-24 23:00:00,21,t2-combined-3d2333d167
2026-02-25 15:00:00,2026-02-25 21:00:00,2,0.2937982877385838,0.0005746142606071758,0.8385077124488756,2026-02-24 23:00:00,22,t2-combined-3d2333d167
2026-02-25 16:00:00,2026-02-25 22:00:00,2,0.4942396453339989,0.013054073528862231,0.9667065671204684,2026-02-24 23:00:00,23,t2-combined-3d2333d167
2026-02-25 17:00:00,2026-02-25 23:00:00,2,0.5752453493077894,0.04576872434110646,1.0,2026-02-24 23:00:00,24,t2-combined-3d2333d167
2026-02-25 18:00:00,2026-02-26 00:00:00,2,0.5532103518544329,0.12115535172514819,0.9945513681805265,2026-02-25 23:00:00,1,t2-combined-3d2333d167
2026-02-25 19:00:00,2026-02-26 01:00:00,2,0.6657742411929468,0.22915952760821923,0.9875324338931657,2026-02-25 23:00:00,2,t2-combined-3d2333d167
2026-02-25 20:00:00,2026-02-26 02:00:00,2,0.703975818656988,0.21791312065316065,0.983150645372046,2026-02-25 23:00:00,3,t2-combined-3d2333d167
2026-02-25 21:00:00,2026-02-26 03:00:00,2,0.6815936823152191,0.1959992735747756,0.9929508172923628,2026-02-25 23:00:00,4,t2-combined-3d2333d167
2026-02-25 22:00:00,2026-02-26 04:00:00,2,0.669361565705594,0.19121734524303435,0.990780973852157,2026-02-25 23:00:00,5,t2-combined-3d2333d167
2026-02-25 23:00:00,2026-02-26 05:00:00,2,0.6104732381358586,0.17810157141944244,0.9926088575932164,2026-02-25 23:00:00,6,t2-combined-3d2333d167
2026-02-26 00:00:00,2026-02-26 06:00:00,2,0.551497511898007,0.15414943902257616,0.9910208782025132,2026-02-25 23:00:00,7,t2-combined-3d2333d167
2026-02-26 01:00:00,2026-02-26 07:00:00,2,0.44442051972526053,0.06856789136320879,0.9848027508050573,2026-02-25 23:00:00,8,t2-combined-3d2333d167
2026-02-26 02:00:00,2026-02-26 08:00:00,2,0.31133517752913487,0.008758404550112397,0.9297305820198617,2026-02-25 23:00:00,9,t2-combined-3d2333d167
2026-02-26 03:00:00,2026-02-26 09:00:00,2,0.1953604788746558,0.0,0.7962108350585722,2026-02-25 23:00:00,10,t2-combined-3d2333d167
2026-02-26 04:00:00,2026-02-26 10:00:00,2,0.15494833607684658,0.0006403616656841249,0.7634518843230241,2026-02-25 23:00:00,11,t2-combined-3d2333d167
2026-02-26 05:00:00,2026-02-26 11:00:00,2,0.23834268156153002,0.0,0.872387485374516,2026-02-25 23:00:00,12,t2-combined-3d2333d167
2026-02-26 06:00:00,2026-02-26 12:00:00,2,0.35106682875000084,0.031490679812310074,0.917222072997064,2026-02-25 23:00:00,13,t2-combined-3d2333d167
2026-02-26 07:00:00,2026-02-26 13:00:00,2,0.5029102499230576,0.08266535821593957,0.9106590206985103,2026-02-25 23:00:00,14,t2-combined-3d2333d167
2026-02-26 08:00:00,2026-02-26 14:00:00,2,0.5016326007151591,0.09561607893779084,0.9110089144573941,2026-02-25 23:00:00,15,t2-combined-3d2333d167
2026-02-26 09:00:00,2026-02-26 15:00:00,2,0.5236272331601746,0.10033130354213382,0.8842097813426104,2026-02-25 23:00:00,16,t2-combined-3d2333d167
2026-02-26 10:00:00,2026-02-26 16:00:00,2,0.5444625215781129,0.12337651859388832,0.9481476798252031,2026-02-25 23:00:00,17,t2-combined-3d2333d167
2026-02-26 11:00:00,2026-02-26 17:00:00,2,0.5304714208740053,0.1280245675917806,0.9587816525613675,2026-02-25 23:00:00,18,t2-combined-3d2333d167
2026-02-26 12:00:00,2026-02-26 18:00:00,2,0.5860132160110201,0.13453311927524647,0.9754603450521004,2026-02-25 23:00:00,19,t2-combined-3d2333d167
2026-02-26 13:00:00,2026-02-26 19:00:00,2,0.6063040420793041,0.17469448186005138,0.9732336233988456,2026-02-25 23:00:00,20,t2-combined-3d2333d167
2026-02-26 14:00:00,2026-02-26 20:00:00,2,0.643498299112639,0.27234560632269844,0.9638608281196841,2026-02-25 23:00:00,21,t2-combined-3d2333d167
2026-02-26 15:00:00,2026-02-26 21:00:00,2,0.6789113888444556,0.25267113904463456,0.9785394268476393,2026-02-25 23:00:00,22,t2-combined-3d2333d167
2026-02-26 16:00:00,2026-02-26 22:00:00,2,0.6366849165361683,0.222465936848315,0.9823307222691383,2026-02-25 23:00:00,23,t2-combined-3d2333d167
2026-02-26 17:00:00,2026-02-26 23:00:00,2,0.6274306146851594,0.207437067246867,0.9893175555325113,2026-02-25 23:00:00,24,t2-combined-3d2333d167
2026-02-26 18:00:00,2026-02-27 00:00:00,2,0.6331327592058599,0.204685255084669,0.9844425410759585,2026-02-26 23:00:00,1,t2-combined-3d2333d167
2026-02-26 19:00:00,2026-02-27 01:00:00,2,0.5629186514715865,0.20452781723791869,0.990630654352352,2026-02-26 23:00:00,2,t2-combined-3d2333d167
2026-02-26 20:00:00,2026-02-27 02:00:00,2,0.48253347193308166,0.16162562359479477,0.9806903392282569,2026-02-26 23:00:00,3,t2-combined-3d2333d167
2026-02-26 21:00:00,2026-02-27 03:00:00,2,0.46056012618813535,0.15333497930826606,0.9544881291475873,2026-02-26 23:00:00,4,t2-combined-3d2333d167
2026-02-26 22:00:00,2026-02-27 04:00:00,2,0.4043133561705149,0.07441344106031489,0.9452683370718061,2026-02-26 23:00:00,5,t2-combined-3d2333d167
2026-02-26 23:00:00,2026-02-27 05:00:00,2,0.35186352247549824,0.0369243684008399,0.862504510715442,2026-02-26 23:00:00,6,t2-combined-3d2333d167
2026-02-27 00:00:00,2026-02-27 06:00:00,2,0.29123309067174985,0.026430594780689876,0.834039741411427,2026-02-26 23:00:00,7,t2-combined-3d2333d167
2026-02-27 01:00:00,2026-02-27 07:00:00,2,0.28164335283920805,0.01743500409168358,0.7399065805132163,2026-02-26 23:00:00,8,t2-combined-3d2333d167
2026-02-27 02:00:00,2026-02-27 08:00:00,2,0.25836418268545414,0.010770300634272006,0.7524032101671487,2026-02-26 23:00:00,9,t2-combined-3d2333d167
2026-02-27 03:00:00,2026-02-27 09:00:00,2,0.24240879219119493,0.0053304469788711395,0.736223191832283,2026-02-26 23:00:00,10,t2-combined-3d2333d167
2026-02-27 04:00:00,2026-02-27 10:00:00,2,0.21761389385966812,0.001930712622776276,0.6694714410660223,2026-02-26 23:00:00,11,t2-combined-3d2333d167
2026-02-27 05:00:00,2026-02-27 11:00:00,2,0.20088737813263957,0.0027901012785328805,0.6366365063076589,2026-02-26 23:00:00,12,t2-combined-3d2333d167
2026-02-27 06:00:00,2026-02-27 12:00:00,2,0.1999225026546727,0.006618497624595238,0.6175101180916092,2026-02-26 23:00:00,13,t2-combined-3d2333d167
2026-02-27 07:00:00,2026-02-27 13:00:00,2,0.22982689947865928,0.011124112502548411,0.7385903247258567,2026-02-26 23:00:00,14,t2-combined-3d2333d167
2026-02-27 08:00:00,2026-02-27 14:00:00,2,0.2918770876661253,0.021332994118063775,0.8552403715473305,2026-02-26 23:00:00,15,t2-combined-3d2333d167
2026-02-27 09:00:00,2026-02-27 15:00:00,2,0.4069397426199194,0.08130858477654623,0.9450352994332232,2026-02-26 23:00:00,16,t2-combined-3d2333d167
2026-02-27 10:00:00,2026-02-27 16:00:00,2,0.5681076172986648,0.14785365480915602,0.9571410035250836,2026-02-26 23:00:00,17,t2-combined-3d2333d167
2026-02-27 11:00:00,2026-02-27 17:00:00,2,0.6636734847123955,0.23513672371177585,0.965960399596925,2026-02-26 23:00:00,18,t2-combined-3d2333d167
2026-02-27 12:00:00,2026-02-27 18:00:00,2,0.7611927078598641,0.34378241756366,0.9724512910967664,2026-02-26 23:00:00,19,t2-combined-3d2333d167
2026-02-27 13:00:00,2026-02-27 19:00:00,2,0.757792798449907,0.2931024176421931,0.978441931376705,2026-02-26 23:00:00,20,t2-combined-3d2333d167
2026-02-27 14:00:00,2026-02-27 20:00:00,2,0.6639332950464611,0.2123236483691115,0.9831303247048285,2026-02-26 23:00:00,21,t2-combined-3d2333d167
2026-02-27 15:00:00,2026-02-27 21:00:00,2,0.5750178126411714,0.18123754087717064,0.9721029968963917,2026-02-26 23:00:00,22,t2-combined-3d2333d167
2026-02-27 16:00:00,2026-02-27 22:00:00,2,0.4860268989547649,0.12014679958154789,0.9639113173489072,2026-02-26 23:00:00,23,t2-combined-3d2333d167
2026-02-27 17:00:00,2026-02-27 23:00:00,2,0.4556789592422408,0.11460116068993398,0.9645910169899606,2026-02-26 23:00:00,24,t2-combined-3d2333d167
2026-02-27 18:00:00,2026-02-28 00:00:00,2,0.48913379038483823,0.14758069621943826,0.95825032284411,2026-02-27 23:00:00,1,t2-combined-3d2333d167
2026-02-27 19:00:00,2026-02-28 01:00:00,2,0.5263857836253165,0.17694561744641307,0.9615346734288879,2026-02-27 23:00:00,2,t2-combined-3d2333d167
2026-02-27 20:00:00,2026-02-28 02:00:00,2,0.5833007921556672,0.20374036654639988,0.9811009562360962,2026-02-27 23:00:00,3,t2-combined-3d2333d167
2026-02-27 21:00:00,2026-02-28 03:00:00,2,0.5607087111314497,0.20768525487569556,0.9631890575855959,2026-02-27 23:00:00,4,t2-combined-3d2333d167
2026-02-27 22:00:00,2026-02-28 04:00:00,2,0.6366464383459903,0.24467475385939463,0.977992018363495,2026-02-27 23:00:00,5,t2-combined-3d2333d167
2026-02-27 23:00:00,2026-02-28 05:00:00,2,0.6873352186958945,0.27363781494224404,0.9741572070054618,2026-02-27 23:00:00,6,t2-combined-3d2333d167
2026-02-28 00:00:00,2026-02-28 06:00:00,2,0.6268717568743511,0.24247384616853251,0.9709278909075594,2026-02-27 23:00:00,7,t2-combined-3d2333d167
2026-02-28 01:00:00,2026-02-28 07:00:00,2,0.6883198715401734,0.27867286230104815,0.9714866359533032,2026-02-27 23:00:00,8,t2-combined-3d2333d167
2026-02-28 02:00:00,2026-02-28 08:00:00,2,0.7912772860305649,0.3368992598040779,0.9768589133671475,2026-02-27 23:00:00,9,t2-combined-3d2333d167
2026-02-28 03:00:00,2026-02-28 09:00:00,2,0.8318722052574918,0.3651172898446688,0.975291410808445,2026-02-27 23:00:00,10,t2-combined-3d2333d167
2026-02-28 04:00:00,2026-02-28 10:00:00,2,0.8623635639982157,0.3550945645124346,0.9740770447672842,2026-02-27 23:00:00,11,t2-combined-3d2333d167
2026-02-28 05:00:00,2026-02-28 11:00:00,2,0.8259020802266999,0.3208116036246691,0.9728010107173781,2026-02-27 23:00:00,12,t2-combined-3d2333d167
2026-02-28 06:00:00,2026-02-28 12:00:00,2,0.8012664880129325,0.3099345165061683,0.9738130657788983,2026-02-27 23:00:00,13,t2-combined-3d2333d167
2026-02-28 07:00:00,2026-02-28 13:00:00,2,0.7711505511520411,0.303985146479707,0.9762837828690071,2026-02-27 23:00:00,14,t2-combined-3d2333d167
2026-02-28 08:00:00,2026-02-28 14:00:00,2,0.7992944379340917,0.3176492654054243,0.9728284508584897,2026-02-27 23:00:00,15,t2-combined-3d2333d167
2026-02-28 09:00:00,2026-02-28 15:00:00,2,0.7078283383133903,0.29645418771414045,0.9742292517213283,2026-02-27 23:00:00,16,t2-combined-3d2333d167
2026-02-28 10:00:00,2026-02-28 16:00:00,2,0.7128515056481646,0.16216693719955655,0.972155501677187,2026-02-27 23:00:00,17,t2-combined-3d2333d167
2026-02-28 11:00:00,2026-02-28 17:00:00,2,0.6361054322682989,0.17555976051347494,0.9858062028374563,2026-02-27 23:00:00,18,t2-combined-3d2333d167
2026-02-28 12:00:00,2026-02-28 18:00:00,2,0.4924582083986293,0.11569225496734475,0.948409834979187,2026-02-27 23:00:00,19,t2-combined-3d2333d167
2026-02-28 13:00:00,2026-02-28 19:00:00,2,0.4412426349203556,0.1062979856806705,0.8533187423940751,2026-02-27 23:00:00,20,t2-combined-3d2333d167
2026-02-28 14:00:00,2026-02-28 20:00:00,2,0.3493616067276676,0.06499168907647812,0.826431807151546,2026-02-27 23:00:00,21,t2-combined-3d2333d167
2026-02-28 15:00:00,2026-02-28 21:00:00,2,0.3127151435045066,0.0640053800847081,0.6962696642113486,2026-02-27 23:00:00,22,t2-combined-3d2333d167
2026-02-28 16:00:00,2026-02-28 22:00:00,2,0.2475823988232141,0.016131998627231803,0.6137089620517818,2026-02-27 23:00:00,23,t2-combined-3d2333d167
2026-02-28 17:00:00,2026-02-28 23:00:00,2,0.242913699222651,0.01065138372018487,0.5316538367255643,2026-02-27 23:00:00,24,t2-combined-3d2333d167
