time_utc,time_scada,lead_hours,prediction,level1,residual_pred,wind_fc,temp_fc,run_day,p10,p90,turbine_id,issue_time_utc,issue_time_scada,model_version
2026-02-20 18:00:00,2026-02-21 00:00:00,1,0.8190391143554239,0.6612557122911221,0.15778340206430175,8.15,4.2,1.0,0.32503954291461584,0.9928543777676748,1,2026-02-20 17:00:00,2026-02-20 23:00:00,t1-combined-1bc1c53b7a
2026-02-20 19:00:00,2026-02-21 01:00:00,2,0.8099756890580933,0.6208867150709739,0.18908897398711932,7.76,3.95,1.0,0.3535593789621574,1.0,1,2026-02-20 17:00:00,2026-02-20 23:00:00,t1-combined-1bc1c53b7a
2026-02-20 20:00:00,2026-02-21 02:00:00,3,0.7426067243712028,0.587708534266385,0.15489819010481776,7.415,4.1,1.0,0.28199028707950485,0.9900204981952991,1,2026-02-20 17:00:00,2026-02-20 23:00:00,t1-combined-1bc1c53b7a
2026-02-20 21:00:00,2026-02-21 03:00:00,4,0.7097938379861608,0.5141362467667756,0.1956575912193852,7.074999999999999,4.2,1.0,0.2554232979680536,0.9815005434008757,1,2026-02-20 17:00:00,2026-02-20 23:00:00,t1-combined-1bc1c53b7a
2026-02-20 22:00:00,2026-02-21 04:00:00,5,0.6461203364888137,0.4086799267466324,0.23744040974218134,6.605,4.1,1.0,0.1880640099103596,0.9701090676267954,1,2026-02-20 17:00:00,2026-02-20 23:00:00,t1-combined-1bc1c53b7a
2026-02-20 23:00:00,2026-02-21 05:00:00,6,0.5833750481622,0.32449312035557665,0.25888192780662334,6.085,3.9,1.0,0.10938754531582201,0.970788023822162,1,2026-02-20 17:00:00,2026-02-20 23:00:00,t1-combined-1bc1c53b7a
2026-02-21 00:00:00,2026-02-21 06:00:00,7,0.4419867722157345,0.23007562227985556,0.21191114993587895,5.375,3.5,1.0,0.0723273277212157,0.9542092982065915,1,2026-02-20 17:00:00,2026-02-20 23:00:00,t1-combined-1bc1c53b7a
2026-02-21 01:00:00,2026-02-21 07:00:00,8,0.33181428543959945,0.17561722048719214,0.15619706495240732,4.78,3.25,1.0,0.005608716364374933,0.9251237164430092,1,2026-02-20 17:00:00,2026-02-20 23:00:00,t1-combined-1bc1c53b7a
2026-02-21 02:00:00,2026-02-21 08:00:00,9,0.2394051009247496,0.15026159505790448,0.08914350586684511,4.5649999999999995,4.0,1.0,0.0,0.8601290538692099,1,2026-02-20 17:00:00,2026-02-20 23:00:00,t1-combined-1bc1c53b7a
2026-02-21 03:00:00,2026-02-21 09:00:00,10,0.18474380553323733,0.04167234767816391,0.14307145785507341,2.635,5.2,1.0,0.0,0.6360745404981678,1,2026-02-20 17:00:00,2026-02-20 23:00:00,t1-combined-1bc1c53b7a
2026-02-21 04:00:00,2026-02-21 10:00:00,11,0.14428899809740284,0.060636815449346994,0.08365218264805585,3.26,6.949999999999999,1.0,0.00021251659305260295,0.7482902685345516,1,2026-02-20 17:00:00,2026-02-20 23:00:00,t1-combined-1bc1c53b7a
2026-02-21 05:00:00,2026-02-21 11:00:00,12,0.31387946981678405,0.6967550590495452,-0.3828755892327611,8.504999999999999,8.2,1.0,0.023782768382343777,0.9509209727952243,1,2026-02-20 17:00:00,2026-02-20 23:00:00,t1-combined-1bc1c53b7a
2026-02-21 06:00:00,2026-02-21 12:00:00,13,0.7432593480154893,0.9371735345708938,-0.1939141865554045,11.379999999999999,8.0,1.0,0.3226495660337343,0.9963098294209223,1,2026-02-20 17:00:00,2026-02-20 23:00:00,t1-combined-1bc1c53b7a
2026-02-21 07:00:00,2026-02-21 13:00:00,14,0.9083061356406397,0.9676269627643752,-0.05932082712373554,12.280000000000001,7.5,1.0,0.4910208750518604,0.9958047584148086,1,2026-02-20 17:00:00,2026-02-20 23:00:00,t1-combined-1bc1c53b7a
2026-02-21 08:00:00,2026-02-21 14:00:00,15,0.9387986010479511,0.9744906516808053,-0.03569205063285419,12.705,7.300000000000001,1.0,0.5654379684688622,0.9935779635023181,1,2026-02-20 17:00:00,2026-02-20 23:00:00,t1-combined-1bc1c53b7a
2026-02-21 09:00:00,2026-02-21 15:00:00,16,0.9275813214591249,0.9164248691327256,0.01115645232639928,10.855,7.35,1.0,0.46012332068820294,0.995817710542197,1,2026-02-20 17:00:00,2026-02-20 23:00:00,t1-combined-1bc1c53b7a
2026-02-21 10:00:00,2026-02-21 16:00:00,17,0.7160262577119084,0.6851387822676048,0.03088747544430359,8.4,7.25,1.0,0.2896214672736578,1.0,1,2026-02-20 17:00:00,2026-02-20 23:00:00,t1-combined-1bc1c53b7a
2026-02-21 11:00:00,2026-02-21 17:00:00,18,0.541246000124051,0.32396969050435853,0.21727630961969246,6.1,6.45,1.0,0.1255989696452659,0.9705439445769573,1,2026-02-20 17:00:00,2026-02-20 23:00:00,t1-combined-1bc1c53b7a
2026-02-21 12:00:00,2026-02-21 18:00:00,19,0.4130232724215339,0.14905101062300027,0.2639722617985336,4.5600000000000005,5.0,2.0,0.042947675380932415,0.8906098835050086,1,2026-02-20 17:00:00,2026-02-20 23:00:00,t1-combined-1bc1c53b7a
2026-02-21 13:00:00,2026-02-21 19:00:00,20,0.37494800176142296,0.21349100847618968,0.16145699328523327,5.225,4.449999999999999,2.0,0.05896481949497512,0.8521083274587495,1,2026-02-20 17:00:00,2026-02-20 23:00:00,t1-combined-1bc1c53b7a
2026-02-21 14:00:00,2026-02-21 20:00:00,21,0.45733141582229286,0.35792856800396733,0.09940284781832553,6.32,4.75,2.0,0.09751555004098156,0.9464756640982647,1,2026-02-20 17:00:00,2026-02-20 23:00:00,t1-combined-1bc1c53b7a
2026-02-21 15:00:00,2026-02-21 21:00:00,22,0.47801075840474644,0.46823860449788335,0.00977215390686309,6.904999999999999,4.65,2.0,0.09557405714996564,0.9795604869798251,1,2026-02-20 17:00:00,2026-02-20 23:00:00,t1-combined-1bc1c53b7a
2026-02-21 16:00:00,2026-02-21 22:00:00,23,0.5467721692734033,0.6535865942691951,-0.10681442499579175,8.075,3.95,2.0,0.07019478708800492,1.0,1,2026-02-20 17:00:00,2026-02-20 23:00:00,t1-combined-1bc1c53b7a
2026-02-21 17:00:00,2026-02-21 23:00:00,24,0.44652181315977413,0.6776876594901984,-0.23116584633042425,8.295,3.15,2.0,0.059573802535592135,0.9812447150418251,1,2026-02-20 17:00:00,2026-02-20 23:00:00,t1-combined-1bc1c53b7a
2026-02-21 18:00:00,2026-02-22 00:00:00,25,0.42296941486404127,0.6322635106521619,-0.20929409578812064,7.859999999999999,2.55,2.0,0.0,0.9429971442335789,1,2026-02-20 17:00:00,2026-02-20 23:00:00,t1-combined-1bc1c53b7a
2026-02-21 19:00:00,2026-02-22 01:00:00,26,0.36224367888709896,0.6116850265181542,-0.2494413476310552,7.645,1.9,2.0,0.0,0.9008639886770965,1,2026-02-20 17:00:00,2026-02-20 23:00:00,t1-combined-1bc1c53b7a
2026-02-21 20:00:00,2026-02-22 02:00:00,27,0.2927366779977759,0.42173560279716676,-0.12899892479939085,6.654999999999999,1.05,2.0,0.0,0.7960595139567826,1,2026-02-20 17:00:00,2026-02-20 23:00:00,t1-combined-1bc1c53b7a
2026-02-21 21:00:00,2026-02-22 03:00:00,28,0.17479025918735888,0.2735882821463942,-0.09879802295903531,5.699999999999999,0.4,2.0,0.0027398171503266455,0.5942886926678005,1,2026-02-20 17:00:00,2026-02-20 23:00:00,t1-combined-1bc1c53b7a
2026-02-21 22:00:00,2026-02-22 04:00:00,29,0.06640457277132943,0.16586958456833045,-0.09946501179700103,4.675,-0.4,2.0,0.005978095368980606,0.414230044135129,1,2026-02-20 17:00:00,2026-02-20 23:00:00,t1-combined-1bc1c53b7a
2026-02-21 23:00:00,2026-02-22 05:00:00,30,0.0310255100274301,0.03258846787782365,-0.001562957850393551,2.23,-1.7,2.0,0.008419395327330825,0.23793843799843853,1,2026-02-20 17:00:00,2026-02-20 23:00:00,t1-combined-1bc1c53b7a
2026-02-22 00:00:00,2026-02-22 06:00:00,31,0.013751319086995973,0.011666666666666667,0.0020846524203293054,0.6950000000000001,-2.15,2.0,0.009736749163773898,0.10802339384498563,1,2026-02-20 17:00:00,2026-02-20 23:00:00,t1-combined-1bc1c53b7a
2026-02-22 01:00:00,2026-02-22 07:00:00,32,0.013900941305346394,0.016724425850981516,-0.0028234845456351215,1.27,-1.75,2.0,0.009726933869462115,0.12433003678172122,1,2026-02-20 17:00:00,2026-02-20 23:00:00,t1-combined-1bc1c53b7a
2026-02-22 02:00:00,2026-02-22 08:00:00,33,0.018165125377470445,0.01902641003763756,-0.0008612846601671158,1.78,-0.30000000000000004,2.0,0.009396232705312037,0.14457928018489882,1,2026-02-20 17:00:00,2026-02-20 23:00:00,t1-combined-1bc1c53b7a
2026-02-22 03:00:00,2026-02-22 09:00:00,34,0.06214197585730636,0.028681422512291103,0.033460553345015256,2.11,2.4,2.0,0.005401234697359161,0.1949152369277395,1,2026-02-20 17:00:00,2026-02-20 23:00:00,t1-combined-1bc1c53b7a
2026-02-22 04:00:00,2026-02-22 10:00:00,35,0.1690499846025486,0.042744725546595884,0.12630525905595272,2.6799999999999997,4.75,2.0,0.004432735462986587,0.4447217175501966,1,2026-02-20 17:00:00,2026-02-20 23:00:00,t1-combined-1bc1c53b7a
2026-02-22 05:00:00,2026-02-22 11:00:00,36,0.25185234483543695,0.09988902042000182,0.15196332441543514,3.9499999999999997,6.15,2.0,0.002133259314196445,0.8778015632920398,1,2026-02-20 17:00:00,2026-02-20 23:00:00,t1-combined-1bc1c53b7a
2026-02-22 06:00:00,2026-02-22 12:00:00,37,0.5642494318713962,0.28269238444756584,0.28155704742383036,5.82,7.25,2.0,0.049073130061338954,0.9756275108866299,1,2026-02-20 17:00:00,2026-02-20 23:00:00,t1-combined-1bc1c53b7a
2026-02-22 07:00:00,2026-02-22 13:00:00,38,0.7276551500740878,0.579185310995968,0.14846983907811973,7.365,8.55,2.0,0.25366710758155153,0.9924681270521623,1,2026-02-20 17:00:00,2026-02-20 23:00:00,t1-combined-1bc1c53b7a
2026-02-22 08:00:00,2026-02-22 14:00:00,39,0.8105795164613299,0.6512134527722524,0.15936606368907746,8.105,9.399999999999999,2.0,0.4323059924513866,0.9944361059108326,1,2026-02-20 17:00:00,2026-02-20 23:00:00,t1-combined-1bc1c53b7a
2026-02-22 09:00:00,2026-02-22 15:00:00,40,0.9050652527277743,0.6714874109444782,0.2335778417832961,8.3,9.6,2.0,0.4483540036632558,0.9872110374956586,1,2026-02-20 17:00:00,2026-02-20 23:00:00,t1-combined-1bc1c53b7a
2026-02-22 10:00:00,2026-02-22 16:00:00,41,0.9164712087698672,0.6492632998354256,0.2672079089344416,8.084999999999999,9.25,2.0,0.36378910251155017,0.9828591133719069,1,2026-02-20 17:00:00,2026-02-20 23:00:00,t1-combined-1bc1c53b7a
2026-02-22 11:00:00,2026-02-22 17:00:00,42,0.8643711378470031,0.6306965723783722,0.23367456546863097,7.890000000000001,7.300000000000001,2.0,0.24265454351474525,0.9931712121964172,1,2026-02-20 17:00:00,2026-02-20 23:00:00,t1-combined-1bc1c53b7a
2026-02-22 12:00:00,2026-02-22 18:00:00,43,0.7601692275518136,0.5641549961372941,0.19601423141451946,7.27,4.85,3.0,0.15663250810711715,1.0,1,2026-02-20 17:00:00,2026-02-20 23:00:00,t1-combined-1bc1c53b7a
2026-02-22 13:00:00,2026-02-22 19:00:00,44,0.6707958609277268,0.3527151929959728,0.318080667931754,6.275,3.35,3.0,0.10271552523792493,1.0,1,2026-02-20 17:00:00,2026-02-20 23:00:00,t1-combined-1bc1c53b7a
2026-02-22 14:00:00,2026-02-22 20:00:00,45,0.6440553828520694,0.28412085739177345,0.359934525460296,5.795,2.1500000000000004,3.0,0.08095364778613112,1.0,1,2026-02-20 17:00:00,2026-02-20 23:00:00,t1-combined-1bc1c53b7a
2026-02-22 15:00:00,2026-02-22 21:00:00,46,0.5684460594413823,0.2577756828032947,0.31067037663808755,5.58,1.2000000000000002,3.0,0.040327427557499074,1.0,1,2026-02-20 17:00:00,2026-02-20 23:00:00,t1-combined-1bc1c53b7a
2026-02-22 16:00:00,2026-02-22 22:00:00,47,0.536225857163855,0.24497081895777884,0.2912550382060761,5.475,0.7,3.0,0.024819498778188454,1.0,1,2026-02-20 17:00:00,2026-02-20 23:00:00,t1-combined-1bc1c53b7a
2026-02-22 17:00:00,2026-02-22 23:00:00,48,0.47920955034871204,0.27134826899517184,0.2078612813535402,5.6850000000000005,0.8,3.0,0.011641092861272406,0.980671430233375,1,2026-02-20 17:00:00,2026-02-20 23:00:00,t1-combined-1bc1c53b7a
